Spell Name,Level,School,Ritual,Casting Time,Range,Target/Area,V,S,M,Component(s),Cost,Concentration,Duration,Attack/Saving Throw (Effect),Damage Type,Damage/Heal,Sourcebook,Page #,Additional Detail,Per Higher Spell Level,Bard,Cleric,Druid,Paladin,Ranger,Sorceror,Warlock,Wizard
Acid Splash,0,Conjuration,,1 action,60 ft.,1 or 2 adjacent targets,V,S,,,,,Instantaneous,DEX (Fail),Acid,DAM: 1d6,PHB,211,"DAM: Add extra 1d6 at 5th level, 11th level, and 17th level.",,,,,,,Sorceror,,Wizard
Aid,2,Abjuration,,1 action,30 ft.,3 allies,V,S,M,white cloth strip,,,8 hours,,,HEAL: 5,PHB,211,Each target also increases maximum HP by 5.,HEAL extra 5 HP,,Cleric,,Paladin,,,,
Alarm,1,Abjuration,Ritual,1 minute,30 ft.,1 door/window/area,V,S,M,"tiny bell, silver wire",,,8 hours,,,,PHB,211,Audible or silent alarm triggered on entry by those you haven't said can enter,,,,,,Ranger,,,Wizard
Alter Self,2,Transmutation,,1 action,Self,Self,V,S,,,,Concentration,1 hour,,,,PHB,211,"Choose one: breathe/swim underwater, natural weapons, change appearance",,,,,,,Sorceror,,Wizard
Animal Friendship,1,Enchantment,,1 action,30 ft.,1 beast,V,S,M,morsel of food,,,24 hours,WIS (Fail),,,PHB,212,Charm beasts with INT <= 3; spell fails if you hurt beast,One more beast,Bard,Cleric(Nature),Druid,,Ranger,,,
Animal Messenger,2,Enchantment,Ritual,1 action,30 ft.,1 Tiny beast,V,S,M,morsel of food,,,24 hours,,,,PHB,212,Beast will relay 25 word message to a target you describe,48 hours longer,Bard,,Druid,,Ranger,,,
Animal Shapes,8,Transmutation,,1 action,30 ft.,Any willing targets,V,S,,,,Concentration,24 hours,,,,PHB,212,Transform targets into Large or smaller beasts with CR <= 4,,,,Druid,,,,,
Animate Dead,3,Necromancy,,1 minute,10 ft.,<= Medium corpse,V,S,M,"blood, flesh, bone",,,Instantaneous,,,,PHB,212,Creates skeleton or zombie servant that accepts simple directions,Two more undead,,Cleric,,Paladin(Oathbreaker),,,,Wizard
Animate Objects,5,Transmutation,,1 action,120 ft.,<= 10 objects,V,S,,,,Concentration,1 minute,,,,PHB,213,Animate objects to accept simple commands.,Two more objects,Bard,,,,,Sorceror,,Wizard
Antilife Shell,5,Abjuration,,1 action,10 ft. radius,Self,V,S,,,,Concentration,1 hour,,,,PHB,213,Erects barrier around you that moves with you.  Living creatures cannot enter.,,,Cleric(Death),Druid,,,,,
Antimagic Field,8,Abjuration,,1 action,10 ft. radius,Self,V,S,M,powdered iron or filings,,Concentration,1 hour,,,,PHB,213,Erects a sphere around you in which all magic no longer works.,,,Cleric,,,,,,Wizard
Antipathy/Sympathy,8,Enchantment,,1 hour,60 ft.,1 Huge or smaller target,V,S,M,lump of alum or honey,,,10 days,WIS (Fail),,,PHB,214,Target object/creature attracts or repels specifc creature types.,,,,Druid,,,,,Wizard
Arcane Eye,4,Divination,,1 action,30 ft.,,V,S,M,a bit of bat fur,,Concentration,1 hour,,,,PHB,214,Create invisible eye with darkvision(30ft) moves 30ft/rd you can see through.,,,Cleric(Knowledge),,,,,,Wizard
Arcane Gate,6,Conjuration,,1 action,500 ft.,"Point(10ft),Point(500ft.)",V,S,,,,Concentration,10 minutes,,,,PHB,214,Create two linked portals 10ft. across anybody can travel between.,,,,,,,Sorceror,Warlock,Wizard
Arcane Lock,2,Abjuration,,1 action,Touch,1 openable object,V,S,M,GOLD DUST,25 gp,,Until Dispelled,,,,PHB,215,Locks object until password is spoken or dispel/knock. Object break DC +10.,,,,,,,,,Wizard
Armor of Agathys,1,Abjuration,,1 action,Self,Self,V,S,M,cup of water,,,1 hour,,Cold,DAM: 5,PHB,215,Gain 5 THP. Melee attackers take 5 DAM.,5 temp HP and 5 DAM,,,,,,,Warlock,
Arms of Hadar,1,Conjuration,,1 action,Self,10 ft. radius,V,S,,,,,Instantaneous,"STR (Half DAM, no effect)",Necrotic,DAM: 2d6,PHB,215,Targets can't take reactions until next turn,Extra 1d6 DAM,,,,,,,Warlock,
Astral Projection,9,Necromancy,,1 hour,10 ft.,Self and 8 willing targets,V,S,M,"JACINTH(1k), SILVER(100)",1100 gp,,Special,,,,PHB,215,Project to Astral Plane.  See Sourcebook.,,,Cleric,,,,,Warlock,Wizard
Augury,2,Divination,Ritual,1 minute,Self,Self,V,S,M,special tokens,25 gp,,Instantaneous,,,,PHB,215,See omen predicting results of action taken within 30 minutes.,,,Cleric,,,,,,
Aura of Life,4,Abjuration,,1 action,Self,30 ft. radius,V,,,,,Concentration,10 minutes,,,,PHB,216,"Gain necrotic resistance, HEAL 1 HP if at 0 HP, HP max can't go down.",,,,,Paladin,,,,
Aura of Purity,4,Abjuration,,1 action,Self,30 ft. radius,V,,,,,Concentration,10 minutes,,,,PHB,216,"Gain poison resist, disease immune, advantage on status saving throws.",,,,,Paladin,,,,
Aura of Vitality,3,Evocation,,1 action,Self,30 ft. radius,V,,,,,Concentration,1 minute,,,HEAL: 2d6,PHB,216,Use bonus action to HEAL 1 target in aura.,,,,,Paladin,,,,
Awaken,5,Transmutation,,8 hours,Touch,1 beast/plant <= Huge,V,S,M,AGATE,1000 gp,,Instantaneous,,,,PHB,216,Target with INT <= 3 gaints INT 10 and can speak. Charmed for 30 days.,,Bard,,Druid,,,,,
Bane,1,Enchantment,,1 action,30 ft.,<= 3 creatures,V,S,M,drop of blood,,Concentration,1 minute,CHA (Fail),,,PHB,216,Targets' attack rolls and saving throws are deducted 1d4.,One more creature,Bard,Cleric,,Paladin(Vengeance),,,,
Banishing Smite,5,Abjuration,,1 bonus action,Self,Self,V,,,,,Concentration,1 minute,Weapon Attack,Force,DAM: 5d10,PHB,216,Target banished if <= 50 HP.,,,,,Paladin,,,,
Banishment,4,Abjuration,,1 action,60 ft.,1 target,V,S,M,item disliked by target,,Concentration,1 minute,CHA (Fail),,,PHB,217,Banish target to another plane; native of other plane doesn't return after 1 min.,One more creature,,Cleric,,Paladin,,Sorceror,Warlock,Wizard
Barkskin,2,Transmutation,,1 action,Touch,1 willing creature,V,S,M,oak bark,,Concentration,1 hour,,,,PHB,217,Target AC is never less than 16 during spell.,,,Cleric(Nature),Druid,,Ranger,,,
Beacon of Hope,3,Abjuration,,1 action,30 ft.,Any targets in range,V,S,,,,Concentration,1 hour,,,,PHB,217,Targets get advantage on WIS and death saving throws; heal spells heal max.,,,Cleric,,Paladin(Devotion),,,,
Beast Sense,2,Divination,Ritual,1 action,Touch,1 willing beast,,S,,,,Concentration,1 hour,,,,PHB,217,Use action to see/hear whatever beast does.  Use action to return.,,,,Druid,,Ranger,,,
Bestow Curse,3,Necromancy,,1 action,Touch,1 creature,V,S,,,,Concentration,1 minute,WIS (Fail),,,PHB,218,Curse target.  See Sourcebook.,See Sourcebook.,Bard,Cleric,,Paladin(Oathbreaker),,,,Wizard
Bigby's Hand,5,Evocation,,1 action,120 ft.,,V,S,M,"eggshell, snakeskin glove",,Concentration,1 minute,,Force,See Sourcebook.,PHB,218,Create giant hand to do various things.  See Sourcebook.,See Sourcebook.,,,,,,,,Wizard
Blade Barrier,6,Evocation,,1 action,90 ft.,5x20x(100 line/60 dia. circle)ft.,V,S,,,,Concentration,10 minutes,DEX (Half DAM),Slashing,DAM: 6d10,PHB,218,Creatures entering wall/circle area take DAM.,,,Cleric,,,,,,
Blade Ward,0,Abjuration,,1 action,Self,Self,V,S,,,,,1 round,,,,PHB,218,Gain resistance to bludgeoning/piercing/slashing DMG from weapons.,,Bard,,,,,Sorceror,Warlock,Wizard
Bless,1,Enchantment,,1 action,30 ft.,<= 3 creatures,V,S,M,sprinkling of holy water,,Concentration,1 minute,,,,PHB,219,Targets add 1d4 to attack rolls and saving throws.,One more creature.,,Cleric,,Paladin,,,,
Blight,4,Necromancy,,1 action,30 ft.,1 creature,V,S,,,,,Instantaneous,CON (Half DAM),Necrotic,DAM: 8d8,PHB,219,Plants have disadvantage on save and take max DAM.,Extra 1d8 DAM.,,Cleric(Death),Druid,Paladin(Oathbreaker),,Sorceror,Warlock,Wizard
Blinding Smite,3,Evocation,,1 bonus action,Self,Self,V,,,,,Concentration,1 minute,CON per turn (Blindness ends),Radiant,DAM: 3d8,PHB,219,Next melee attack target takes DAM and is blinded until spell ends.,,,,,Paladin,,,,
Blindness/Deafness,2,Necromancy,,1 action,30 ft.,1 creature,V,,,,,,1 minute,CON per turn (Fail),,,PHB,219,Target becomes blind or deaf (your choice).,One more creature.,Bard,Cleric,,,,Sorceror,,Wizard
Blink,3,Transmutation,,1 action,Self,Self,V,S,,,,,1 minute,,,,PHB,219,Roll 11 or higher to go to Ethereal plane between turns; reapper within 10ft.,,,Cleric(Trickery),,,,Sorceror,,Wizard
Blur,2,Illusion,,1 action,Self,Self,V,,,,,Concentration,1 minute,,,,PHB,219,Creatures relying on sight have disadvantage to attack.,,,,Druid(Desert),,,Sorceror,,Wizard
Branding Smite,2,Evocation,,1 bonus action,Self,Self,V,,,,,Concentration,1 minute,Weapon Attack,Radiant,DAM: 2d6,PHB,219,"Target becomes visible, sheds dim light.",Extra 1d6 DAM.,,,,Paladin,,,,
Burning Hands,1,Evocation,,1 action,Self,15 ft. cone,V,S,,,,,Instantaneous,DEX (Half DAM),Fire,DAM: 3d6,PHB,220,Flammable objects ignite.,Extra 1d6 DAM.,,Cleric(Light),,,,Sorceror,,Wizard
Call Lightning,3,Conjuration,,1 action,120 ft.,60 ft. radius cylinder,V,S,,,,Concentration,10 minutes,DEX (Half DAM),Lightning,DAM: 3d10,PHB,220,Targets take DAM each round.  Can change targets each round.,Extra 1d10 DAM.,,Cleric(Tempest),Druid,,,,,
Calm Emotions,2,Enchantment,,1 action,60 ft.,20 ft. radius sphere,V,S,,,,Concentration,1 minute,CHA (Fail),,,PHB,221,Suppress charm effects or hostility on target.,,Bard,Cleric,,,,,,
Chain Lightning,6,Evocation,,1 action,150 ft.,"1 target, then 3 within 30ft.",V,S,M,"bit of fur,glass,3 silver pins",,,Instantaneous,DEX (Half DAM),Lightning,DAM: 10d8,PHB,221,Bolt hits one target then forks to up to 3 others.,One more bolt in fork.,,,,,,Sorceror,,Wizard
Charm Person,1,Enchantment,,1 action,30 ft.,1 humanoid,V,S,,,,,1 hour,Wisdom (Fail),,,PHB,221,Charm target so it treats you as friendly. Gets advantage to save if fighting you.,One more target <= 30ft.,Bard,Cleric(Trickery),Druid,,,Sorceror,Warlock,Wizard
Chill Touch,0,Necromancy,,1 action,120 ft.,1 creature,V,S,,,,,1 round,Ranged Spell Attack,Necrotic,DAM: 1d6,PHB,221,"Extra 1d6 DAM at 5th level, 11th level, and 17th level. Can't regain HP.",,,Cleric(Death),,,,Sorceror,Warlock,Wizard
Chromatic Orb,1,Evocation,,1 action,90 ft.,1 creature,V,S,M,diamond,50 gp,,Instantaneous,Ranged Spell Attack,See Details,DAM: 3d8,PHB,221,"Choose type: acid, cold, fire, lightning, poison, or thunder.",Extra 1d8 DAM.,,,,,,Sorceror,,Wizard
Circle of Death,6,Necromancy,,1 action,150 ft.,60 ft. radius sphere,V,S,M,crushed black pearl,500 gp,,Instantaneous,CON (Half DAM),Necrotic,DAM: 8d6,PHB,221,,Extra 2d6 DAM.,,,,,,Sorceror,Warlock,Wizard
Circle of Power,5,Abjuration,,1 action,Self,30 ft. radius sphere,V,,,,,Concentration,10 minutes,,,,PHB,221,Friendlies: advantage on saving throws against magic/effects. No half DAM. ,,,,,Paladin,,,,
Clairvoyance,3,Divination,,10 minutes,1 mile,,V,S,M,jeweled horn or glass eye,100 gp,Concentration,10 minutes,,,,PHB,222,Create sensor in area you can see or hear through.,,Bard,Cleric,,,,Sorceror,,Wizard
Clone,8,Necromancy,,1 hour,Touch,,V,S,M,See Sourcebook.,3000 gp,,Instantaneous,,,,PHB,222,Create clone of living person; soul transfers to clone if original dies.,,,,,,,,,Wizard
Cloud of Daggers,2,Conjuration,,1 action,60 ft.,5 ft. cube,V,S,M,sliver of glass,,Concentration,1 minute,,Slashing,DAM: 4d4,PHB,222,DAM taken on entering or starting turn in area.,Extra 2d4 DAM.,Bard,,,,,Sorceror,Warlock,Wizard
Cloudkill,5,Conjuration,,1 action,120 ft.,20 ft. radius sphere,V,S,,,,Concentration,10 minutes,CON (Half DAM),Poison,DAM: 5d8,PHB,222,DAM taken on entering or starting turn in area. Fog moves away 10 ft. per turn.,Extra 1d8 DAM.,,Cleric(Death),Druid(Underdark),,,Sorceror,,Wizard
Color Spray,1,Illusion,,1 action,Self,15 ft. cone,V,S,M,pinch of colored powder,,,1 round,,,,PHB,222,"Blinds 6d10 HP worth of creatures, starting with lowest HP.",Extra 2d10 HP.,,,,,,Sorceror,,Wizard
Command,1,Enchantment,,1 action,60 ft.,1 creature,V,,,,,,1 round,WIS (Fail),,,PHB,223,Speak 1 word command to target. Can't cause harm. Doesn't affect undead.,One more creature.,,Cleric,,Paladin,,,,
Commune,5,Divination,Ritual,1 minute,Self,,V,S,M,"incense, vial of holy water",,,1 minute,,,,PHB,223,Ask 3 yes/no questions that are answered by deity.  See Sourcebook.,,,Cleric,,Paladin(Devotion),,,,
Commune with Nature,5,Divination,Ritual,1 minute,Self,,V,S,,,,,Instantaneous,,,,PHB,224,Gain knowledge of the land around you.  See Sourcebook.,,,,Druid,Paladin(Ancients),Ranger,,,
Compelled Duel,1,Enchantment,,1 bonus action,30 ft.,1 creature,V,,,,,Concentration,1 minute,WIS (Fail),,,PHB,224,Compel target to attack you one-on-one.  See Sourcebook. ,,,,,Paladin,,,,
Comprehend Languages,1,Divination,Ritual,1 action,Self,,V,S,M,pinch of soot and salt,,,1 hour,,,,PHB,224,Know literal meaning of any speech. Understand written words while touching.,,Bard,,,,,Sorceror,Warlock,Wizard
Compulsion,4,Enchantment,,1 action,30 ft.,Creatures in range,V,S,,,,Concentration,1 minute,WIS (Fail),,,PHB,224,Compel targets to move in specified non-hazardous direction.,,Bard,,,,,,,
Cone of Cold,5,Evocation,,1 action,Self,60 ft. cone,V,S,M,crystal or glass cone,,,Instantaneous,CON (Half DAM),Cold,DAM: 8d8,PHB,224,Creatures killed become frozen statues.,Extra 1d8 DAM.,,,Druid(Arctic),,,Sorceror,,Wizard
Confusion,4,Enchantment,,1 action,90 ft.,10 ft. radius sphere,V,S,M,3 nut shells,,Concentration,1 minute,WIS (Fail),,,PHB,224,Targets can't take reactions and do random actions.  See Sourcebook.,Increase radius by 5ft.,Bard,Cleric(Knowledge),Druid,Paladin(Oathbreaker),,Sorceror,,Wizard
Conjure Animals,3,Conjuration,,1 action,60 ft.,,V,S,,,,Concentration,1 hour,,,,PHB,225,Summon fey spirits as creatures (total CR <= 2) that act as a group.,,,,Druid,,Ranger,,,
Conjure Barrage,3,Conjuration,,1 action,Self,60 ft. cone,V,S,M,ammo or thrown weapon,,,Instantaneous,DEX (Half DAM),See Details,DAM: 3d8,PHB,225,Damage type is same as ammo/weapon used as component.,,,,,,Ranger,,,
Conjure Celestial,7,Conjuration,,1 minute,90 ft.,,V,S,,,,Concentration,1 hour,,,,PHB,225,Summon celestial CR <= 4.  Obeys commands that don't violate alignment.,9th level: CR <= 5,,Cleric,,,,,,
Conjure Elemental,5,Conjuration,,1 minute,90 ft.,,V,S,M,See Sourcebook,,Concentration,1 hour,,,,PHB,225,Summon elemental CR <= 5.  Obeys commands. Hostile if control is lost.,Increase max CR by 1.,,,Druid,,,,,Wizard
Conjure Fey,6,Conjuration,,1 minute,90 ft.,,V,S,,,,Concentration,1 hour,,,,PHB,226,Summon fey CR <= 6. Obeys commands. Hostile if control is lost.,Increase max CR by 1.,,,Druid,,,,Warlock,
Conjure Minor Elementals,4,Conjuration,,1 minute,90 ft.,,V,S,,,,Concentration,1 hour,,,,PHB,226,Summon elementals (total CR <= 2) that obey commands.,6th: CR <= 4; 8th: CR <= 6,,,Druid,,,,,Wizard
Conjure Volley,5,Conjuration,,1 action,150 ft.,"40 ft. radius, 20 ft. high cylinder",V,S,M,ammo or thrown weapon,,,Instantaneous,DEX (Half DAM),See Details,DAM: 8d8,PHB,226,Damage type is same as ammo/weapon used as component.,,,,,,Ranger,,,
Conjure Woodland Beings,4,Conjuration,,1 action,60 ft.,,V,S,M,1 holly berry per creature,,Concentration,1 hour,,,,PHB,226,Summon fey creatures (CR <= 2) that obey commands.,6th: CR <= 4; 8th: CR <= 6,,,Druid,,Ranger,,,
Contact Other Plane,5,Divination,Ritual,1 minute,Self,,V,,,,,,1 minute,"INT DC:15(DAM, insane for day)",Psychic,DAM: 6d6,PHB,226,Contact extraplanar being. YOU make save. 1-word answers to 5 questions.,,,,,,,,Warlock,Wizard
Contagion,5,Necromancy,,1 action,Touch,1 creature,V,S,,,,,7 days,CON (See Sourcebook),,,PHB,227,Give creature a disease.  See Sourcebook.,,,Cleric,Druid,Paladin(Oathbreaker),,,,
Contingency,6,Evocation,,10 minutes,Self,Self,V,S,M,ivory statue of self,1500 gp,,10 days,,,,PHB,227,Spell <= 5th level activates when condition occurs. That spell's slot used too.,,,,,,,,,Wizard
Continual Flame,2,Evocation,,1 action,Touch,1 object,V,S,M,RUBY DUST,50 gp,,Until Dispelled,,,,PHB,227,Heatless flame comes from object. Can be covered but not snuffed out.,,,Cleric,,,,,,Wizard
Control Water,4,Transmutation,,1 action,300 ft.,100 ft. cube,V,S,M,"water drop, pinch of dust",,Concentration,10 minutes,,,,PHB,227,Control water.  See Sourcebook.,,,Cleric,Druid,,,,,Wizard
Control Weather,8,Transmutation,,10 minutes,Self,5 mile radius,V,S,M,"incense, earth&wood in water",,Concentration,8 hours,,,,PHB,228,Control the weather.  See Sourcebook.,,,Cleric,Druid,,,,,Wizard
Cordon of Arrows,2,Transmutation,,1 action,5 ft.,Spell components,V,S,M,4 pieces of ammo,,,8 hours,DEX (Fail),Piercing,DAM: 1d6,PHB,228,Ammo fired at creatures within 30 ft. Spell ends when ammo gone.,Two extra ammo.,,,,,Ranger,,,
Counterspell,3,Abjuration,,1 reaction (spell cast),60 ft.,1 Spellcaster,,S,,,,,Instantaneous,See Details.,,,PHB,228,Interrupt spell <= 4th. You make casting ability check (DC 10 + spell level).,Interrupt spell <= new level.,,,,,,Sorceror,Warlock,Wizard
Create Food and Water,3,Conjuration,,1 action,30 ft.,,V,S,,,,,Instantaneous,,,,PHB,229,"Create 45 lbs. of bland, nourishing food for 24 hours and 30 gallons of water.",,,Cleric,Druid(Desert),Paladin,,,,
Create or Destroy Water,1,Transmutation,,1 action,30 ft.,10 gal. water/30 ft. cube of fog,V,S,M,drop of water/sand,,,Instantaneous,,,,PHB,229,Create/destroy 10 gal. of water or 30 ft. cube of rain/fog.,,,Cleric,Druid,,,,,
Create Undead,6,Necromancy,,1 minute,10 ft.,,V,S,M,See Sourcebook.,Source,,Instantaneous,,,,PHB,229,Create undead to serve you for 24 hours.  See Sourcebook.,See Sourcebook.,,Cleric,,,,,Warlock,Wizard
Creation,5,Illusion,,1 minute,30 ft.,,V,S,M,bit of matter you want to make,,,See Sourcebook.,,,,PHB,229,Make nonliving object no larger than 5 ft. cube.  See Sourcebook.,Cube size increases by 5 ft.,,,,,,Sorceror,,Wizard
Crown of Madness,2,Enchantment,,1 action,120 ft.,1 humanoid,V,S,,,,Concentration,1 minute,WIS every turn (Fail),,,PHB,229,Charm humanoid to attack your target of choice.  Use action to keep control.,,Bard,,,Paladin(Oathbreaker),,Sorceror,Warlock,Wizard
Crusader's Mantle,3,Evocation,,1 action,Self,30 ft. radius,V,,,,,Concentration,1 minute,,,,PHB,230,Nonhostiles in aura deal an extra 1d4 radiant DAM.,,,Cleric(War),,Paladin,,,,
Cure Wounds,1,Evocation,,1 action,Touch,1 creature,V,S,,,,,Instantaneous,,,See Details,PHB,230,HEAL: 1d8 + spellcasting ability modifier. No effect on undead or constructs.,Extra 1d8 HEAL.,Bard,Cleric,Druid,Paladin,Ranger,,,
Dancing Lights,0,Evocation,,1 action,120 ft.,,V,S,M,phosphorous or glowworm,,Concentration,1 minute,,,,PHB,230,"Create 4 glowing, hovering objects that shed light out 10 ft. Can move 60 ft. ",,Bard,,,,,Sorceror,,Wizard
Darkness,2,Evocation,,1 action,60 ft.,15 ft. radius sphere,V,,M,bat fur and pitch or coal,,Concentration,10 minutes,,,,PHB,230,Creates darkness normal light can't dispel. Dispels light spells <= 2nd level.,,,,Druid(Swamp),Paladin(Oathbreaker),,Sorceror,Warlock,Wizard
Darkvision,2,Transmutation,,1 action,Touch,1 willing creature,V,S,M,dried carrot or agate,,,8 hours,,,,PHB,230,Grants creature darkvision (60 ft.) but can't see in Darkness aura.,,,,Druid,,Ranger,Sorceror,,Wizard
Daylight,3,Evocation,,1 action,60 ft.,60 ft. radius sphere,V,S,,,,,1 hour,,,,PHB,230,Creates bright light. Dispels darkness spells <= 3rd level it overlaps with.,,,Cleric,Druid,Paladin,Ranger,Sorceror,,
Death Ward,4,Abjuration,,1 action,Touch,1 willing creature,V,S,,,,,8 hours,,,,PHB,230,1 use: Target drops to 1 HP instead of 0 HP or negates instant kill effect.,,,Cleric,,Paladin,,,,
Delayed Blast Fireball,7,Evocation,,1 action,150 ft.,20 ft. radius sphere,V,S,M,tiny ball of guano and sulfur,,Concentration,1 minute,DEX (Half DAM),Fire,DAM: 12d6,PHB,230,Creates spot where fireball will erupt.  See Sourcebook.,Extra 1d6 base DAM.,,,,,,Sorceror,,Wizard
Demiplane,8,Conjuration,,1 action,60 ft.,,,S,,,,,1 hour,,,,PHB,231,Create door to 30 ft. cubic room in demiplane. Trapped if there when spell ends.,,,,,,,,Warlock,Wizard
Destructive Wave,5,Evocation,,1 action,Self,30 ft. radius,V,,,,,,Instantaneous,"CON (Half DAM, not prone)",See Details,DAM: 5d6+5d6,PHB,231,"Targets in circle take thunder DAM, then radiant or necrotic DAM; go prone.",,,Cleric(Tempest),,Paladin,,,,
Detect Evil and Good,1,Divination,,1 action,Self,30 ft. radius,V,S,,,,Concentration,10 minutes,,,,PHB,231,"Know location of aberration,celestial,elemental,fey,fiend,undead,(un)holy ground.",,,Cleric,,Paladin,,,,
Detect Magic,1,Divination,Ritual,1 action,Self,30 ft. radius,V,S,,,,Concentration,10 minutes,,,,PHB,231,Sense presence of magic. Use action to see auras around creatures/objects.,,Bard,Cleric,Druid,Paladin,Ranger,Sorceror,,Wizard
Detect Poison and Disease,1,Divination,Ritual,1 action,Self,30 ft. radius,V,S,M,yew leaf,,Concentration,10 minutes,,,,PHB,231,"Sense location and type of disease, poison, or poisonous creature.",,,Cleric,Druid,Paladin,Ranger,,,
Detect Thoughts,2,Divination,,1 action,Self,30 ft. radius,V,S,M,a copper piece,,Concentration,1 minute,See Sourcebook.,,,PHB,231,Read thoughts of those around you.  See Sourcebook.,,Bard,,,,,Sorceror,,Wizard
Dimension Door,4,Conjuration,,1 action,500 ft.,Self (and ally within 5 ft.),V,,,,,,Instantaneous,,,,PHB,233,"Teleport yourself and ally to location. If occupied, 4d6 force DAM and spell fails.",,Bard,Cleric(Trickery),,Paladin(Vengeance),,Sorceror,Warlock,Wizard
Disguise Self,1,Illusion,,1 action,Self,Self,V,S,,,,,1 hour,,,,PHB,233,Create illusion to appear as someone else.  Foiled by Investigation vs. spell DC.,,Bard,Cleric(Trickery),,,,Sorceror,,Wizard
Disintegrate,6,Transmutation,,1 action,60 ft.,1 creature,V,S,M,lodestone and pinch of dust,,,Instantaneous,DEX (Fail),Force,DAM: 10d6+40,PHB,233,"If target drops to 0 HP, is disintegrated. Only revived by True Resurrection.",Extra 3d6 DAM.,,,,,,Sorceror,,Wizard
Dispel Evil and Good,5,Abjuration,,1 action,Self,Self,V,S,M,holy water or silver/iron powder,,Concentration,1 minute,,,,PHB,233,"Fey,undead,extraplanar creatures have disadvantaged attacks. See Sourcebook.",,,Cleric,,Paladin,,,,
Dispel Magic,3,Abjuration,,1 action,120 ft.,1 creature/object/magical effect,V,S,,,,,Instantaneous,,,,PHB,234,"End spell <= 3rd level. For >= 4th level, casting ability check DC=10+spell level.",End spell <= new level.,Bard,Cleric,Druid,Paladin,,Sorceror,Warlock,Wizard
Dissonant Whispers,1,Enchantment,,1 action,60 ft.,1 creature,V,,,,,,Instantaneous,WIS (Fail),Psychic,DAM: 3d6,PHB,234,Target immediately uses reaction to move as far away as possible.,Extra 1d6 DAM.,Bard,,,,,,,
Divination,4,Divination,Ritual,1 action,Self,,V,S,M,"INCENSE, SAC. OFFERING",25 gp,,Instantaneous,,,,PHB,234,Question about one event in next 7 days answered by phrase or omen.,,,Cleric,"Druid(Forest,Grassland)",,,,,
Divine Favor,1,Evocation,,1 bonus action,Self,Self,V,S,,,,Concentration,1 minute,,,,PHB,234,Your weapon attacks deal extra 1d4 radiant DAM on a hit.,,,Cleric(War),,Paladin,,,,
Divine Word,7,Evocation,,1 bonus action,30 ft.,Any targets in range,V,,,,,,Instantaneous,CHA (Fail),,,PHB,234,Targets suffer effects based on their current HP.  See Sourcebook.,,,Cleric,,,,,,
Dominate Beast,4,Enchantment,,1 action,60 ft.,1 beast,V,S,,,,Concentration,1 minute,WIS (Fail),,,PHB,234,Charm beast to give it commands. Has advantage to save if attacking it.,See Sourcebook.,,Cleric(Nature),Druid,,,Sorceror,,
Dominate Monster,8,Enchantment,,1 action,60 ft.,1 creature,V,S,,,,Concentration,1 hour,WIS (Fail),,,PHB,235,Charm monster to give it commands. Has advantage to save if attacking it.,9th: Duration is 8 hours.,Bard,,,,,Sorceror,Warlock,Wizard
Dominate Person,5,Enchantment,,1 action,60 ft.,1 person,V,S,,,,Concentration,1 minute,WIS (Fail),,,PHB,235,Charm humanoid to give it commands. Has advantage to save if attacking it.,See Sourcebook.,Bard,Cleric(Trickery),,Paladin(Oathbreaker),,Sorceror,,Wizard
Drawmij's Instant Summons,6,Conjuration,Ritual,1 minute,Touch,1 object <= 10 lb.,V,S,M,sapphire,1000 gp,,Until Dispelled,,,,PHB,235,Speak item name and crush gem to summon object unless it's held by other.,,,,,,,,,Wizard
Dream,5,Illusion,,1 minute,See Sourcebook.,1 creature,V,S,M,"sand,ink,quill from asleep bird",,,8 hours,See Sourcebook.,See Sourcebook.,See Sourcebook.,PHB,236,Shape creature's dreams.  See Sourcebook.,,Bard,,Druid(Grassland),,,,Warlock,Wizard
Druidcraft,0,Transmutation,,1 action,30 ft.,See Sourcebook.,V,S,,,,,Instantaneous,,,,PHB,236,Create minor druidic effect.  See Sourcebook.,,,Cleric(Nature),Druid,,,,,
Earthquake,8,Evocation,,1 action,500 ft.,100 ft. radius,V,S,M,"piece of dirt, rock, and clay",,Concentration,1 minute,See Sourcebook.,,,PHB,236,Create a seismic disturbance with various effects.  See Sourcebook.,,,Cleric,Druid,,,Sorceror,,
Eldritch Blast,0,Evocation,,1 action,120 ft.,1 target,V,S,,,,,Instantaneous,Ranged Spell Attack,Force,DAM: 1d10,PHB,237,"Beam. 2 beams at 5th level, 3 at 11th, 4 at 17th. Can choose different targets.",,,,,,,,Warlock,
Elemental Weapon,3,Transmutation,,1 action,Touch,1 nonmagical weapon,V,S,,,,Concentration,1 hour,,,,PHB,237,"Weapon is +1 to hit and +1d4 acid, cold, fire, lightning, or thunder DAM.","5th:+2,2d4 DAM;7th +3,3D4",,,,Paladin,,,,
Enhance Ability,2,Transmutation,,1 action,Touch,1 creature,V,S,M,fur or feather from a beast,,Concentration,1 hour,,,,PHB,237,Target creature gains a beneficial effect.  See Sourcebook.,One additional creature.,Bard,Cleric,Druid,,,Sorceror,,
Enlarge/Reduce,2,Transmutation,,1 action,30 ft.,1 creature or object,V,S,M,powdered iron,,Concentration,1 minute,CON (Fail),,,PHB,237,Enlarge or reduce target.  See Sourcebook.,,,,,,,Sorceror,,Wizard
Ensnaring Strike,1,Conjuration,,1 bonus action,Self,Attack target,V,,,,,Concentration,1 minute,STR (Fail),Piercing,DAM: 1d6 a turn,PHB,237,Restrain target. Large and bigger creatures have advantage to save.,Extra 1d6 DAM.,,,,Paladin(Ancients),Ranger,,,
Entangle,1,Conjuration,,1 action,90 ft.,20 ft. square,V,S,,,,Concentration,1 minute,STR (Fail),,,PHB,238,Creatures become restrained.Use action to use STR against spell DC to escape.,,,,Druid,,,,,
Enthrall,2,Enchantment,,1 action,60 ft.,Any targets in range,V,S,,,,,1 minute,WIS (Fail),,,PHB,238,Disadvantage to see anybody but you; attacked ones have advantage to save.,,Bard,,,,,,Warlock,
Etherealness,7,Transmutation,,1 action,Self,Self,V,S,,,,,Up to 8 hours,,,,PHB,238,Become ethereal.  Move up/down at half speed.  Can't see past 60 ft.,8th:3 targets;9th: 6 targets,Bard,Cleric,,,,Sorceror,Warlock,Wizard
Evard's Black Tentacles,4,Conjuration,,1 action,90 ft.,20 ft. square,V,S,M,piece of octopus temtacle,,Concentration,1 minute,DEX while in area (Fail),Bludgeoning,DAM: 3d6,PHB,238,Also restrained. Restrained take DAM every turn. STR/DEX check to get free.,,,,,,,,,Wizard
Expeditious Retreat,1,Transmutation,,1 bonus action,Self,Self,V,S,,,,Concentration,10 minutes,,,,PHB,238,You can take Dash as a bonus action until spell ends.,,,,,,,Sorceror,Warlock,Wizard
Eyebite,6,Necromancy,,1 action,Self,1 creature within 60 ft.,V,S,,,,Concentration,1 minute,WIS (Fail),,,PHB,238,Affect targets negatively.  New target each turn.  See Sourcebook.,,Bard,,,,,Sorceror,Warlock,Wizard
Fabricate,4,Transmutation,,10 minutes,120 ft.,10 ft. cube,V,S,,,,,Instantaneous,,,,PHB,239,Convert raw materials into object no bigger than 5 ft. cube.,,,,,,,,,Wizard
Faerie Fire,1,Evocation,,1 action,60 ft.,20 ft. cube,V,,,,,Concentration,1 minute,DEX (No Light),,,PHB,239,Objects/creatures in cube are outlined in light and are attacked with advantage.,,Bard,Cleric(Light),Druid,,,,,
False Life,1,Necromancy,,1 action,Self,Self,V,S,M,alcohol or distilled spirits,,,1 hour,,,,PHB,239,You gain 1d4+4 temp HP.,Extra 5 temp HP.,,Cleric(Death),,,,Sorceror,,Wizard
Fear,3,Illusion,,1 action,Self,30 ft. cone,V,S,M,white feather or hen heart,,Concentration,1 minute,WIS (Fail),,,PHB,239,Targets drop everything and use Dash to run away. WIS save once out of sight.,,Bard,,,,,Sorceror,Warlock,Wizard
Feather Fall,1,Transmutation,,1 reaction (falling),60 ft.,<= 5 falling creatures,V,,M,small feather or piece of down,,,1 minute,,,,PHB,239,"Targets' descent slows to 60 ft. per round, takes no DAM, and can land on feet.",,Bard,,,,,Sorceror,,Wizard
Feeblemind,8,Enchantment,,1 action,150 ft.,1 creature,V,S,M,"clay,crystal,or mineral spheres",,,Instantaneous,"INT (DMG, but no INT effect)",Psychic,DAM: 4d6,PHB,239,Creature INT and CHA scores become 1.  See Sourcebook.,,Bard,,Druid,,,,Warlock,Wizard
Feign Death,3,Necromancy,Ritual,1 action,Touch,1 willing creature,V,S,M,pinch of graveyard dirt,,,1 hour,,,,PHB,240,Creature appears dead.  Resists all non-psychic DMG. Disease/poison delayed.,,Bard,Cleric,Druid,,,,,Wizard
Find Familiar,1,Conjuration,Ritual,1 hour,10 ft.,,V,S,M,"CHARCOAL,INCENSE,HERBS",10 gp,,Instantaneous,,,,PHB,240,Gain the service of a familiar.  See Sourcebook.,,,,,,,,,Wizard
Find Steed,2,Conjuration,,10 minutes,30 ft.,,V,S,,,,,Instantaneous,,,,PHB,240,Summons a spirit in the form of a steed.  See Sourcebook.,,,,,Paladin,,,,
Find the Path,6,Divination,,1 minute,Self,,V,S,M,"diviner tools,object from target",100 gp,Concentration,1 day,,,,PHB,240,"Find the shortest, most direct route to a place you are familiar with.",,Bard,Cleric,Druid,,,,,
Find Traps,2,Divination,,1 action,120 ft.,Any trap in range,V,S,,,,,Instantaneous,,,,PHB,241,Sense the presence (not location) of any magical or mundane trap nearby.,,,Cleric,Druid,,Ranger,,,
Finger of Death,7,Necromancy,,1 action,60 ft.,1 creature,V,S,,,,,Instantaneous,CON (Half DAM),Necrotic,DAM: 7d8+30,PHB,241,Humanoids killed rise as a zombie next turn permanently under your control.,,,,,,,Sorceror,Warlock,Wizard
Fire Bolt,0,Evocation,,1 action,120 ft.,1 creature/object,V,S,,,,,Instantaneous,Ranged Spell Attack,Fire,DAM: 1d10,PHB,242,"DAM at 5th level: 2d10, at 11th level: 3d10, at 17th level: 4d10.",,,,,,,Sorceror,,Wizard
Fire Shield,4,Evocation,,1 action,Self,Self,V,S,M,bit of phosphorous or a firefly,,,10 minutes,,Fire/Cold,DAM: 2d8,PHB,242,Choose warm or chill shield. Melee attackers take DMG. Light out 10 ft./20 ft.,,,,,,,,,Wizard
Fire Storm,7,Evocation,,1 action,150 ft.,<= ten 10 ft. cubes,V,S,,,,,Instantaneous,DEX (Half DAM),Fire,DAM: 7d10,PHB,242,Each cube must face at least one other cube. Can choose not to affect plants.,,,Cleric,Druid,,,,,
Fireball,3,Evocation,,1 action,150 ft.,20 ft. radius sphere,V,S,M,tiny ball of guano and sulfur,,,Instantaneous,DEX (Half DAM),Fire,DAM: 8d6,PHB,241,Fire spreads around corners and ignites flammable objects.,Extra 1d6 DAM.,,Cleric(Light),,,,Sorceror,,Wizard
Flame Blade,2,Evocation,,1 bonus action,Self,,V,S,M,sumac leaf,,Concentration,10 minutes,Melee Spell Attack,Fire,DAM: 3d6,PHB,242,Create fiery scimitar that sheds bright light 10ft. and dim light for another 10ft.,Extra 1d6 DAM per 2 levels.,,,Druid,,,,,
Flame Strike,5,Evocation,,1 action,60 ft.,40 ft. high 10 ft. rad. cylinder,V,M,M,pinch of sulfur,,,Instantaneous,DEX (Half DAM),Fire + Radiant,DAM: 4d6+4d6,PHB,242,Creatures take fire and radiant damage.,1d6 DAM fire OR radiant,,Cleric,,Paladin(Devotion),,,,
Flaming Sphere,2,Conjuration,,1 action,60 ft.,5 ft. diameter sphere,V,S,M,"tallow,brimstone,iron powder",,Concentration,1 minute,DEX (Half DAM),Fire,DAM: 2d6,PHB,242,Creatures next to spheres at end of turn take DAM. Move spheres 30 ft.,Extra 1d6 DAM.,,Cleric(Light),Druid,,,,,Wizard
Flesh to Stone,6,Transmutation,,1 action,60 ft.,1 creature,V,S,M,"pinch of lime, water, and earth",,Concentration,1 minute,CON (Fail),,,PHB,243,Restrained on first fail. Petrified after 3 fails.,,,,,,,,Warlock,Wizard
Fly,3,Transmutation,,1 action,Touch,1 willing creature,V,S,M,bird's wing feather,,Concentration,10 minutes,,,,PHB,243,Target gains fly (60 ft.).  Fall if spell ends while in air.,One additional creature.,,,,,,Sorceror,Warlock,Wizard
Fog Cloud,1,Conjuration,,1 action,120 ft.,20 ft. radius sphere,V,S,,,,Concentration,1 hour,,,,PHB,243,Creates a foggy sphere.  Can be banished by moderate wind.,Increase radius by 20 ft.,,Cleric(Tempest),Druid,,Ranger,Sorceror,,Wizard
Forbiddance,6,Abjuration,Ritual,10 minutes,Touch,"40,000 sq. ft, 30 ft. high",V,S,M,"holy water,incense,ruby powder",1000 gp,,1 day,,Radiant or Necrotic,DAM: 5d10,PHB,243,Can't teleport/gate into area. A creature type you choose takes DMG in area.,,,Cleric,,,,,,
Forcecage,7,Evocation,,1 action,100 ft.,20 ft. square or 10 ft. cube,V,S,M,ruby dust,1500 gp,,1 hour,See Details.,,,PHB,243,Creatures stuck in cage can only leave using magic after CHA save.,,Bard,,,,,,Warlock,Wizard
Foresight,9,Divination,,1 minute,Touch,1 willing creature,V,S,M,hummingbird feather,,,8 hours,,,,PHB,244,"Not surprised. Advantage:attacks,checks,saves. Disadvantage getting attacked.",,Bard,,Druid,,,,Warlock,Wizard
Freedom of Movement,4,Abjuration,,1 action,Touch,1 willing creature,V,S,M,leather strap around arm,,,1 hour,,,,PHB,244,"Immune to difficult terrain,slow,paralyze,restrain. Spend 5ft to escape restrain.",,Bard,Cleric,Druid,Paladin(Devotion),Ranger,,,
Friends,0,Enchantment,,1 action,Self,1 non-hostile creature,,S,M,makeup applied to face,,Concentration,1 minute,,,,PHB,244,"Advantage on CHA checks to target, who knows magic used once spell ends.",,Bard,,,,,Sorceror,Warlock,Wizard
Gaseous Form,3,Transmutation,,1 action,Touch,1 willing creature,V,S,M,bit of gauze and wisp of smoke,,Concentration,1 hour,,,,PHB,244,Cloud form. Fly(10ft.). Resist nonmagical DMG. STR/DEX/CON save advantage.,,,,Druid(Underdark),,,Sorceror,Warlock,Wizard
Gate,9,Conjuration,,1 action,60 ft.,5-20 ft. diameter gate,V,S,M,diamond,5000 gp,Concentration,1 minute,,,,PHB,244,Create portal to precise location on another plane or near a specific person.,,,Cleric,,,,Sorceror,,Wizard
Geas,5,Enchantment,,1 minute,60 ft.,1 creature,V,,,,,,30 days,WIS (Fail),See Details.,See Details.,PHB,244,Target must perform task you set. 5d10 psychic DAM whenever it disobeys.,7th: lasts 1 year;9th: forever,Bard,Cleric,Druid,Paladin,,,,Wizard
Gentle Repose,2,Necromancy,Ritual,1 action,Touch,1 corpse,V,S,M,salt and 1 cp on each eye,,,10 days,,,,PHB,245,Preserves corpse.  Extends time limit of Raise Dead spell.,,,Cleric,,,,,,Wizard
Giant Insect,4,Transmutation,,1 action,30 ft.,See Sourcebook.,V,S,,,,Concentration,10 minutes,,,,PHB,245,Turn insects into giant insects that obey your commands.,,,,Druid,,,,,
Glibness,8,Transmutation,,1 action,Self,Self,V,,,,,,1 hour,,,,PHB,245,Can replace CHA check rolls with a 15. Spells always detect you telling truth.,,Bard,,,,,,Warlock,
Globe of Invulnerability,6,Abjuration,,1 action,Self,10 ft. radius sphere,V,S,M,glass or crystal bead,,Concentration,1 minute,,,,PHB,245,Spells <= 5th level cannot affect those within the globe.,1 higher spell level blocked.,,,,,,Sorceror,,Wizard
Glyph of Warding,3,Abjuration,,1 hour,Touch,See Sourcebook.,V,S,M,"incense, DIAMOND POWDER",200 gp,,Dispel/Triggered,,,,PHB,245,Create a magical trap.  See Sourcebook.,See Sourcebook.,Bard,Cleric,,,,,,Wizard
Goodberry,1,Transmutation,,1 action,Touch,,V,S,M,sprig of mistletoe,,,Instantaneous,,,,PHB,246,Create <= 10 berries that HEAL 1 HP each. Expire after 24 hours.,,,,Druid,,Ranger,,,
Grasping Vine,4,Conjuration,,1 bonus action,30 ft.,,V,S,,,,Concentration,1 minute,DEX (Fail),,,PHB,246,Create vine that lashes out 30 ft. away. Targets failing save pulled 20 ft. to vine.,,,Cleric(Nature),Druid,,Ranger,,,
Grease,1,Conjuration,,1 action,60 ft.,10 ft. square,V,S,M,pork rind or butter,,,1 minute,DEX (Fail),,,PHB,246,Creatures in area or entering area fall prone if they fail DEX save.,,,,,,,,,Wizard
Greater Invisibility,4,Illusion,,1 action,Touch,Self or willing creature,V,S,,,,Concentration,1 minute,,,,PHB,246,Become invisible until spell ends.,,Bard,,Druid(Underdark),,,Sorceror,,Wizard
Greater Restoration,5,Abjuration,,1 action,Touch,1 creature,V,S,M,DIAMOND DUST,100 gp,,Instantaneous,,,,PHB,246,End a debilitating effect on target.  See Sourcebook.,,Bard,Cleric,Druid,,,,,
Guardian of Faith,4,Conjuration,,1 action,30 ft.,,V,,,,,,8 hours,DEX (No DAM),Radiant,DAM: 20,PHB,246,Create spectral guardian that attacks hostiles. Leaves after dealing 60 DAM.,,,Cleric,,Paladin(Devotion),,,,
Guards and Wards,6,Abjuration,,10 minutes,Touch,See Sourcebook.,V,S,M,See sourcebook.,10 gp,,24 hours,,,,PHB,248,Protect an area of space.  See Sourcebook.,,Bard,,,,,,,Wizard
Guidance,0,Divination,,1 action,Touch,1 willing creature,V,S,,,,Concentration,1 minute,,,,PHB,248,"Once, add 1d4 to an ability check.",,,Cleric,Druid,,,,,
Guiding Bolt,1,Evocation,,1 action,120 ft.,1 creature,V,S,,,,,1 round,Ranged Spell Attack,Radiant,DAM: 4d6,PHB,248,Next attack roll against target before end of your next turn has advantage.,Extra 1d6 DAM.,,Cleric,,,,,,
Gust of Wind,2,Evocation,,1 action,Self,60 ft. line 10 ft. wide,V,S,M,a legume seed,,Concentration,1 minute,STR (Fail),,,PHB,248,Push targets 15 ft. in directon of wind. Creatures move half speed against wind.,,,Cleric(Tempest),Druid,,,Sorceror,,Wizard
Hail of Thorns,1,Conjuration,,1 bonus action,Self,Self,V,,,,,Concentration,1 minute,DEX (Half DAM),Piercing,DAM: 1d10,PHB,249,Target hit by ranged attack and those adjacent who fail save hit by thorns.,Extra 1d10 DAM.,,,,,Ranger,,,
Hallow,5,Evocation,,24 hours,Touch,60 ft. radius,V,S,M,"HERBS, OIL, INCENSE",1000 gp,,Until Dispelled,,,,PHB,249,Infuse area with holy or unholy power.  See Sourcebook.,,,Cleric,,,,,,
Hallucinatory Terrain,4,Illusion,,10 minutes,300 ft.,150 ft. cube,V,S,M,"stone, twig, bit of green plant",,,24 hours,,,,PHB,249,Make natural terrain seem like other terrain. Investigation check to disbelieve.,,Bard,,Druid,,,,Warlock,Wizard
Harm,6,Necromancy,,1 action,60 ft.,1 creature,V,S,,,,,Instantaneous,CON (Half DAM),Necrotic,DAM: 14d6,PHB,249,Max HP reduced by same amount as DAM. Target cannot fall below 1 HP.,,,Cleric,,,,,,
Haste,3,Transmutation,,1 action,30 ft.,1 willing creature,V,S,M,shaving of licorice root,,Concentration,1 minute,,,,PHB,250,Doubles speed. +2 AC. Advantage on DEX saves. Additional action to Dash.,,,,Druid(Grassland),Paladin(Vengeance),,Sorceror,,Wizard
Heal,6,Evocation,,1 action,60 ft.,1 creature,V,S,,,,,Instantaneous,,,HEAL: 70,PHB,250,"Ends blindness, deafness, any diseases. No effect on constructs/undead.",Extra 10 HEAL.,,Cleric,Druid,,,,,
Healing Word,1,Evocation,,1 bonus action,60 ft.,1 creature,V,,,,,,Instantaneous,,,,PHB,250,Target HEAL 1d4 + spellcasting ability. No effect on constructs/undead.,Extra 1d4 HEAL.,Bard,Cleric,Druid,,,,,
Heat Metal,2,Transmutation,,1 action,60 ft.,1 metal object,V,S,M,piece of iron and a flame,,Concentration,1 minute,See Sourcebook.,Fire,DAM: 2d8,PHB,250,Heat metallic objects including weapons and armor.  See Sourcebook.,Extra 1d8 DAM.,Bard,,Druid,,,,,
Hellish Rebuke,1,Evocation,,1 reaction (take DAM),60 ft.,1 creature that damaged you,V,S,,,,,Instantaneous,DEX (Half DAM),Fire,DAM: 2d10,PHB,250,Magical counterattack to taking damage.,Extra 1d10 DAM.,,,,Paladin(Oathbreaker),,,Warlock,
Heroes' Feast,6,Conjuration,,10 minutes,30 ft.,<= 12 feast goers,V,S,M,GEM--ENCRUSTED BOWL,1000 gp,,Instantaneous,,,,PHB,250,"Cure:disease,poison.Immune:poison,fright.HP max +2d10,WIS save advantage.",,,Cleric,Druid,,,,,
Heroism,1,Enchantment,,1 action,Touch,1 willing creature,V,S,,,,Concentration,1 minute,,,,PHB,250,Immune to being frightened. Temp HP equal to casting ability modifier each turn.,1 additional creature.,Bard,,,Paladin,,,,
Hex,1,Enchantment,,1 bonus action,90 ft.,1 creature,V,S,M,petrified eye of a newt,,Concentration,1 hour,,,,PHB,251,Target takes 1d6 necrotic DAM when you hit it;disadvantage on ability of choice.,3rd: duration 8 hrs;5th 24 hrs,,,,,,,Warlock,
Hold Monster,5,Enchantment,,1 action,90 ft.,1 creature,V,S,M,small straight piece of iron,,Concentration,1 minute,WIS (Fail),,,PHB,251,Target is paralyzed. New saving throw at end of turn. Doesn't work on undead.,1 additional creature.,Bard,Cleric(War),,Paladin(Vengeance),,Sorceror,Warlock,Wizard
Hold Person,2,Enchantment,,1 action,60 ft.,1 humanoid,V,S,M,small straight piece of iron,,Concentration,1 minute,WIS (Fail),,,PHB,251,Target is paralyzed. New saving throw at end of turn.,1 additional creature.,Bard,Cleric,Druid,Paladin(Vengeance),,Sorceror,Warlock,Wizard
Holy Aura,8,Abjuration,,1 action,Self,30 ft. radius sphere,V,S,M,reliquary containing sacred relic,1000 gp,Concentration,1 minute,,,,PHB,251,Aura helps allies and hurts enemies.  See Sourcebook.,,,Cleric,,,,,,
Hunger of Hadar,3,Conjuration,,1 action,150 ft.,20 ft. radius sphere,V,S,M,pickled octopus tentacle,,Concentration,1 minute,,,,PHB,251,Start turn in area: 2d6 cold DAM.End turn in area: DEX save or 2d6 acid DAM.,,,,,,,,Warlock,
Hunter's Mark,1,Divination,,1 bonus action,90 ft.,1 creature,V,,,,,Concentration,1 hour,,,,PHB,251,Mark quarry. Extra 1d6 DAM on weapon hit. Advantage on rolls to find it.,3rd: duration 8hrs;5th: 24hrs,,,,Paladin(Vengeance),Ranger,,,
Hypnotic Pattern,3,Illusion,,1 action,120 ft.,30 ft. cube,,S,M,glowing stick of incense,,Concentration,1 minute,WIS (Fail),,,PHB,252,"Creatures charmed, incapacitated, speed = 0. Spell ends on DAM or shaking.",,Bard,,,,,Sorceror,Warlock,Wizard
Ice Storm,4,Evocation,,1 action,300 ft.,"20 ft. rad, 40ft. high cylinder",V,S,M,"pinch of dust, drop of water",,,Instantaneous,DEX (Half DAM),Bludgeoning+Cold,DAM: 2d8+4d6,PHB,252,Storm's area of effect becomes difficult terrain until end of next turn.,Extra 1d8 bludgeoning DAM.,,Cleric(Tempest),Druid,Paladin(Ancients),,Sorceror,,Wizard
Identify,1,Divination,Ritual,1 minute,Touch,1 object,V,S,M,"pearl, owl feather",100 gp,,Instantaneous,,,,PHB,252,Learn what an item is and what spells affect it.,,Bard,Cleric(Knowledge),,,,,,Wizard
Illusory Script,1,Illusion,Ritual,1 minute,Touch,writing surface,,S,M,LEAD-BASED INK,10 gp,,10 days,,,,PHB,252,Write magical script on surface that only designated people can read.,,Bard,,,,,,Warlock,Wizard
Imprisonment,9,Abjuration,,1 minute,30 ft.,1 creature,V,S,M,See Sourcebook.,Source.,,Until Dispelled,WIS (Fail),,,PHB,252,Magically restrain a creature.  See sourcebook.,,,,,,,,Warlock,Wizard
Incendiary Cloud,8,Conjuration,,1 action,150 ft.,20 ft. radius sphere,V,S,,,,Concentration,1 minute,DEX every turn (Half DMG),Fire,DAM: 10d8,PHB,253,Targets make save when cloud created or entering or exiting it. Cloud move: 10ft.,,,,,,,Sorceror,,Wizard
Inflict Wounds,1,Necromancy,,1 action,Touch,1 creature,V,S,,,,,Instantaneous,Melee Spell Attack,Necrotic,DAM: 3d10,PHB,253,Inflict necrotic damage on target.,Extra 1d10 DAM.,,Cleric,,Paladin(Oathbreaker),,,,
Insect Plague,5,Conjuration,,1 action,300 ft.,20 ft. radius sphere,V,S,M,"bit of sugar, grain, and fat",,Concentration,10 minutes,CON (Half DAM),Piercing,DAM: 4d10,PHB,254,Targets make save when swarm created or entering or exiting it.,Extra 1d10 DAM.,,Cleric,Druid,,,Sorceror,,
Invisibility,2,Illusion,,1 action,Touch,1 creature,V,S,M,eyelash in gum arabic,,Concentration,1 hour,,,,PHB,254,Target becomes invisible. Ends if target attacks or casts a spell.,One additional creature.,Bard,,Druid(Grassland),,,Sorceror,Warlock,Wizard
Jump,1,Transmutation,,1 action,Touch,1 creature,V,S,M,grasshopper's hind leg,,,1 minute,,,,PHB,254,Target's jump distance tripled until spell ends.,,,,Druid,,Ranger,Sorceror,,Wizard
Knock,2,Transmutation,,1 action,60 ft.,1 openable object,V,,,,,,Instantaneous,,,,PHB,254,Open mundane lock or suppress an Arcane Lock for 10 minutes. Loud knock.,,Bard,,,,,Sorceror,,Wizard
Legend Lore,5,Divination,,10 minutes,Self,"1 person, place, or object",V,S,M,"INCENSE(250),4 ivory strips(50)",300 gp,,Instantaneous,,,,PHB,254,Learn lore about target. Information is accurate but might use figurative words.,,Bard,Cleric,,,,,,Wizard
Leomund's Secret Chest,4,Conjuration,,1 action,Touch,1 chest,V,S,M,"chest(5000), replica chest(50)",5050 gp,,Instantaneous,,,,PHB,254,Transport chest back and forth from Ethereal Plane using replica.,,,,,,,,,Wizard
Leomund's Tiny Hut,3,Evocation,Ritual,1 minute,Self,10 ft. radius hemisphere,V,S,M,small crystal bead,,,8 hours,,,,PHB,255,"Protect <= 9 creatures in hut from spells, creatures, elements.",,Bard,,,,,,,Wizard
Lesser Restoration,2,Abjuration,,1 action,Touch,1 creature,V,S,,,,,Instantaneous,,,,PHB,255,"End one disease or condition (blind, deaf, paralyzed, poisoned) on target.",,Bard,Cleric,Druid,Paladin,Ranger,,,
Levitate,2,Transmutation,,1 action,60 ft.,1 creature or object,V,S,M,small leather loop or golden wire,,Concentration,10 minutes,CON (Fail),,,PHB,255,Target <= 500 lbs. floats 20 ft.Can move up/down 20ft./turn. Floats down on end.,,,,,,,Sorceror,,Wizard
Light,0,Evocation,,1 action,Touch,1 object <= 10 ft. cube,V,,M,firefly or phosphorescent moss,,,1 hour,DEX (Fail),,,PHB,255,Object sheds light in 20 ft. radious. Hostile targets get DEX save.,,Bard,Cleric,,,,,,Wizard
Lightning Arrow,3,Transmutation,,1 bonus action,Self,1 target,V,S,,,,Concentration,1 minute,Ranged Weapon Attack.,Lightning,DAM: 4d8,PHB,255,Creatures within 10 ft. of initial target also take 2d8 DAM (DEX save for half).,Both effects add 1d8 DAM.,,,,,Ranger,Sorceror,,
Lightning Bolt,3,Evocation,,1 action,Self,100 ft. line,V,S,M,bit of fur and glass rod,,,Instantaneous,DEX (Half DAM),LIghtning,DAM: 8d6,PHB,255,Lightning ignites flammable objects.,Extra 1d6 DAM.,,,Druid(Mountain),,,Sorceror,,Wizard
Locate Animals or Plants,2,Divination,Ritual,1 action,Self,Kind of beast or plant,V,S,M,bloodhound fur,,,Instantaneous,,,,PHB,256,Name a kind of beast or plant and find the nearest one within 5 miles.,,Bard,,Druid,,Ranger,,,
Locate Creature,4,Divination,,1 action,Self,1 creature familiar to you,V,S,M,bloodhound fur,,,Instantaneous,,,,PHB,256,Sense creature direction within 1000 ft. or locate it within 30 ft.,,Bard,Cleric,Druid,Paladin,Ranger,,,Wizard
Locate Object,2,Divination,,1 action,Self,1 object familiar to you,V,S,M,forked twig,,Concentration,10 minutes,,,,PHB,256,Sense object direction within 1000 ft. or locate it within 30 ft.,,Bard,Cleric,Druid,Paladin,Ranger,,,Wizard
Longstrider,1,Transmutation,,1 action,Touch,1 creature,V,S,M,pinch of dirt,,,1 hour,,,,PHB,256,Target's speed increases by 10 ft.,One additional creature.,Bard,,Druid,,Ranger,,,Wizard
Mage Armor,1,Abjuration,,1 action,Touch,1 willing creature,V,S,M,piece of cured leather,,,8 hours,,,,PHB,256,"If target isn't wearing armor, its base AC becomes 13 + DEX modifier.",,,,,,,Sorceror,,Wizard
Mage Hand,0,Conjuration,,1 action,30 ft.,,V,S,,,,,1 minute,,,,PHB,256,Create spectral hand that manipulates objects. Can pick up <= 10 lbs.,,Bard,,,,,Sorceror,Warlock,Wizard
Magic Circle,3,Abjuration,,1 minute,10 ft.,"10 ft. rad., 20 ft. high cylinder",V,S,M,HOLY WATER or Fe/Ag DUST,100 gp,,1 hour,,,,PHB,256,Hinder one creature type within cylinder.  See Sourcebook.,Duration increases 1 hour.,,Cleric,,Paladin,,,Warlock,Wizard
Magic Jar,6,Necromancy,,1 minute,Self,,V,S,M,ornamental container,500 gp,,Until Dispelled,,,,PHB,257,Your soul enters an external object.  See sourcebook.,,,,,,,,,Wizard
Magic Missile,1,Evocation,,1 action,120 ft.,Any creature in range.,V,S,,,,,Instantaneous,,Force,DAM:(1d4+1)x3,PHB,257,You choose the target for each dart that does 1d4+1 DAM.,One additional dart.,,,,,,Sorceror,,Wizard
Magic Mouth,2,Illusion,Ritual,1 minute,30 ft.,1 object,V,S,M,honeycomb and JADE DUST,10 gp,,Until Dispelled,,,,PHB,257,Magic mouth repeats <= 25 word message once condition is met.,,Bard,,,,,,,Wizard
Magic Weapon,2,Transmutation,,1 bonus action,Touch,1 nonmagical weapon,V,S,,,,Concentration,1 hour,,,,PHB,257,Nonmagical weapon becomes +1.,"4th: +2 weapon,6th: +3",,Cleric(War),,Paladin,,,,Wizard
Major Image,3,Illusion,,1 action,120 ft.,20 ft. cube,V,S,M,bit of fleece,,Concentration,10 minutes,,,,PHB,258,"Create image of object including sounds, smells. Investigation check to foil.",6th: lasts until dispelled,Bard,,,,,Sorceror,Warlock,Wizard
Mass Cure Wounds,5,Conjuration,,1 action,60 ft.,<= 6 creatures,V,S,,,,,Instantaneous,,,See Details.,PHB,258,Creatures HEAL 3d8 + casting ability modifier. No effect on undead/constructs.,HEAL extra 1d8.,Bard,Cleric,Druid,,,,,
Mass Heal,9,Conjuration,,1 action,60 ft.,Any creature in range.,V,S,,,,,Instantaneous,,,See Details.,PHB,258,"Targets HEAL total of 700 HP and cured of diseases, blindness, and deafness.",,,Cleric,,,,,,
Mass Healing Word,3,Evocation,,1 bonus action,60 ft.,<= 6 creatures,V,,,,,,Instantaneous,,,See Details.,PHB,258,Targets HEAL 1d4 + casting ability modifier. No effect on undead/constructs.,HEAL extra 1d4.,,Cleric,,,,,,
Mass Suggestion,6,Enchantment,,1 action,60 ft.,<= 12 creatures,V,,M,"snake's tongue, honeycomb",,,24 hours,WIS (Fail),,,PHB,258,Make creatures accept reasonable sounding suggestions. See Sourcebook.,7th: 10 days;8th:30;9th:366,Bard,,,,,Sorceror,Warlock,Wizard
Maze,8,Conjuration,,1 action,60 ft.,1 creature,V,S,,,,Concentration,10 minutes,See Details,,,PHB,258,Target uses action each turn to make INT check (DC 20) to escape.,,,,,,,,,Wizard
Meld into Stone,3,Transmutation,Ritual,1 action,Touch,Stone object or surface,V,S,,,,,8 hours,,,,PHB,259,Meld into stone walls or large stone objects.  See Sourcebook.,,,Cleric,Druid,,,,,
Melf's Acid Arrow,2,Evocation,,1 action,90 ft.,1 target,V,S,M,"rhubarb leaf, adder's stomach",,,Instantaneous,Ranged Spell Attack,Acid,DAM: 4d4,PHB,259,"Half DAM on miss. On hit, target also takes 2d4 acid DAM at end of next turn.",1d4 DAM on both effects,,,Druid(Swamp),,,,,Wizard
Mending,0,Transmutation,,1 minute,Touch,1 object,V,S,M,two lodestones,,,Instantaneous,,,,PHB,259,Mends one break or tear no larger than 1ft. in a mundane object.,,Bard,Cleric,Druid,,,Sorceror,,Wizard
Message,0,Transmutation,,1 action,120 ft.,1 creature in range,V,S,M,piece of copper wire,,,1 round,,,,PHB,259,Point at target and whisper a message. They can whisper a response.,,Bard,,,,,Sorceror,,Wizard
Meteor Swarm,9,Evocation,,1 action,1 mile,40 ft. radius sphere,V,S,,,,,Instantaneous,DEX (Half DAM),Fire+Bludgeoning,DAM20d6+20d6,PHB,259,Also damages objects and ignites flammable objects.,,,,,,,Sorceror,,Wizard
Mind Blank,8,Abjuration,,1 action,Touch,1 willing creature,V,S,,,,,24 hours,,,,PHB,259,"Target immune to psychic damage, charm, mind reading, divinations.",,Bard,,,,,,,Wizard
Minor Illusion,0,Illusion,,1 action,30 ft.,5 ft. cube,,S,M,bit of fleece,,,1 minute,,,,PHB,260,Create illusory sound or image. Investigation check against spell DC to detect.,,Bard,,,,,Sorceror,Warlock,Wizard
Mirage Arcane,7,Illusion,,10 minutes,Sight,1 square mile,V,S,,,,,10 days,,,,PHB,260,"Create audo,visual,tactile, and olfactory illusion. Only Truesight can detect.",,Bard,,Druid,,,,,Wizard
Mirror Image,2,Illusion,,1 action,Self,Self,V,S,,,,,1 minute,,,,PHB,260,Create duplicates that make you harder to hit.  See Sourcebook.,,,Cleric(Trickery),Druid(Coast),,,Sorceror,Warlock,Wizard
Mislead,5,Illusion,,1 action,Self,Self,,S,,,,Concentration,1 hour,,,,PHB,260,Become invisible and create illusory double. Use action to move your double.,,Bard,,,,,,,Wizard
Misty Step,2,Conjuration,,1 bonus action,Self,Self,V,,,,,,Instantaneous,,,,PHB,260,Teleport <= 30 ft. away to unoccupied location.,,,,Druid(Coast),"Paladin(Ancients,Vengeance)",,Sorceror,Warlock,Wizard
Modify Memory,5,Enchantment,,1 action,30 ft.,,V,S,,,,Concentration,1 minute,WIS (Fail),,,PHB,261,Reshape another creature's memories.  See Sourcebook.,See Sourcebook.,Bard,Cleric(Trickery),,,,,,Wizard
Moonbeam,2,Evocation,,1 action,120 ft.,5 ft. rad. 40 ft. high cylinder,V,S,M,"moonseed seeds, feldspar",,Concentration,1 minute,CON (Half DAM),Radiant,DAM: 2d10,PHB,261,DAM taken entering/start turn in beam. Shapechanges disadvantage to save.,Extra 1d10 DAM.,,,Druid,Paladin(Ancients),,,,
Mordenkainen's Faithful Hound,4,Conjuration,,1 action,30 ft.,,V,S,M,"silver whistle, bone, thread",,,8 hours,,Piercing,DAM: 4d8,PHB,261,Spectral hound guards area and can attack hostiles.  See Sourcebook.,,,,,,,,,Wizard
Mordenkainen's Magnificent Mansion,7,Conjuration,,1 minute,300 ft.,,V,S,M,"portal(5),marble(5),spoon(5)",15 gp,,24 hours,,,,PHB,261,Summon portal to 50000 cubic ft. mansion with food for 100 people.,,Bard,,,,,,,Wizard
Mordenkainen's Private Sanctum,4,Abjuration,,10 minutes,120 ft.,<= 100 ft. cube,V,S,M,"lead,glass,cloth,chrysolite",,,24 hours,,,,PHB,262,Create magically secure area.  See Sourcebook.,Extra 100 ft. per cube side,,,,,,,,Wizard
Mordenkainen's Sword,7,Evocation,,1 action,60 ft.,,V,S,M,mini platinum sword,250 gp,Concentration,1 minute,Melee Spell Attack,Force,DAM: 3d10,PHB,262,Use bonus action each turn to move sword <= 20 ft. and attack again.,,Bard,,,,,,,Wizard
Move Earth,6,Transmutation,,1 action,120 ft.,40 ft. square of terrain,V,S,M,"iron blade, bag of soil",,Concentration,2 hours,,,,PHB,263,"Reshape dirt, sand, or clay. Can move to different square after 10 minutes.",,,,Druid,,,Sorceror,,Wizard
Nondetection,3,Abjuration,,1 action,Touch,"1 object, place, or willing target",V,S,M,DIAMOND DUST,25 gp,,8 hours,,,,PHB,263,Hide target from all divination and scrying magic.,,Bard,Cleric(Knowledge),,,Ranger,,,Wizard
Nystul's Magic Aura,2,Illusion,,1 action,Touch,1 creature or object,V,S,M,small square of silk,,,24 hours,,,,PHB,263,Divination spells reveal false info about target.  See Sourcebook.,,,,,,,,,Wizard
Otiluke's Freezing Sphere,6,Evocation,,1 action,300 ft.,60 ft. radius sphere,V,S,M,small crystal sphere,,,Instantaneous,CON (Half DAM),Cold,DAM: 10d6,PHB,263,Water freezes. Can give globe to another who fires it and spell takes effect then.,Extra 1d6 DAM.,,,,,,,,Wizard
Otiluke's Resilient Sphere,4,Evocation,,1 action,30 ft.,1 creature or object,V,S,M,"hemispheres of crystal,arabic",,Concentration,1 minute,DEX (Fail),,,PHB,264,Trap creature in sphere.  Sphere only destroyed by Disintegrate spell.,,,,,,,,,Wizard
Otto's Irresistable Dance,6,Enchantment,,1 action,30 ft.,1 creature,V,,,,,Concentration,1 minute,,,,PHB,264,No movement.Disadvantage on DEX saves and attacks.Use action to WIS save.,,Bard,,,,,,,Wizard
Pass without Trace,2,Abjuration,,1 action,Self,Willing creatures in range,V,S,M,mistletoe or spruce ash,,Concentration,1 hour,,,,PHB,264,Targets get +10 to Stealth checks and can only be tracked by magic.,,,Cleric(Trickery),Druid,,Ranger,,,
Passwall,5,Transmutation,,1 action,30 ft.,,V,S,M,pinch of sesame seeds,,,1 hour,,,,PHB,264,"Create 5ft wide, 8ft tall,20ft deep opening in wall, ceiling, or floor. ",,,,Druid(Mountain),,,,,Wizard
Phantasmal Force,2,Illusion,,1 action,60 ft.,1 creature,V,S,M,bit of fleece,,Concentration,1 minute,INT (Fail),,,PHB,264,Affect target with illusion. Can DAM for 1d6 Psychic. See Sourcebook.,,Bard,,,,,Sorceror,,Wizard
Phantasmal Killer,4,Illusion,,1 action,120 ft.,1 creature,V,S,,,,Concentration,1 minute,WIS (Fail),Psychic,DAM: 4d10,PHB,265,Target is frightened and takes DAM at start of turn if it doesn't save.,Extra 1d10 DAM.,,,,,,,,Wizard
Phantom Steed,3,Illusion,Ritual,1 minute,30 ft.,,V,S,,,,,1 hour,,,,PHB,265,You and 1 other can ride phantom steed. Speed=100ft or 10mph (13 fast).,,,,,,,,,Wizard
Planar Ally,6,Conjuration,,10 minutes,60 ft.,,V,S,,,,,Instantaneous,,,,PHB,265,Ask otherworldly entity for aid.  See Sourcebook.,,,Cleric,,,,,,
Planar Binding,5,Abjuration,,1 hour,60 ft.,1 extraplanar creature,V,S,M,JEWEL,1000 gp,,24 hours,CHA (Fail),,,PHB,265,"Bind celestial, elemental, fey, or fiend to serve you for spell duration.",See Sourcebook.,Bard,Cleric,Druid,,,,,Wizard
Plane Shift,7,Conjuration,,1 action,Touch,1 unwilling or Self + 8 willing,V,S,M,forked metal rod,250 gp,,Instantaneous,Melee Spell Attack + CHA (Fail),,,PHB,266,Transport to another plane. You specify general location or teleportation circle.,,,Cleric,Druid,,,Sorceror,Warlock,Wizard
Plant Growth,3,Transmutation,,1 action or 8 hours,150 ft.,100 ft. or 1 mile radius,V,S,,,,,Instantaneous,,,,PHB,266,Cast short term (creatures move 1/4 speed) or long term (double food yield).,,Bard,Cleric(Nature),Druid,Paladin(Ancients),Ranger,,,
Poison Spray,0,Conjuration,,1 action,10 ft.,1 creature,V,S,,,,,Instantaneous,CON (Fail),Poison,DAM: 1d12,PHB,266,"DAM increase. 5th level: 2d12, 11th level: 3d12, 17th level: 4d12.",,,Cleric(Nature),Druid,,,Sorceror,Warlock,Wizard
Polymorph,4,Transmutation,,1 action,60 ft.,1 creature,V,S,M,caterpillar cocoon,,Concentration,1 hour,WIS (Fail),,,PHB,266,Transform creature's form. All stats change. Limited to actions of new form.,,Bard,Cleric(Trickery),Druid,,,Sorceror,,Wizard
Power Word Heal,9,Evocation,,1 action,Touch,1 creature,V,S,,,,,Instantaneous,,,HEAL: All HP,PHB,266,"Target also cured of charm, fright, paralyze, or stun. Use reaction to stand up.",,Bard,,,,,,,
Power Word Kill,9,Enchantment,,1 action,60 ft.,1 creature,V,,,,,,Instantaneous,,,See Details.,PHB,266,"If target has <= 100 HP, it dies instantly. No effect otherwise. No saving throw.",,Bard,,,,,Sorceror,Warlock,Wizard
Power Word Stun,8,Enchantment,,1 action,60 ft.,1 creature,V,,,,,,Instantaneous,See Details.,,,PHB,267,Target <= 150 HP is stunned. Nothing otherwise. CON save at end of turn to end.,,Bard,,,,,Sorceror,Warlock,Wizard
Prayer of Healing,2,Evocation,,10 minutes,30 ft.,<= 6 creatures you choose,V,,,,,,Instantaneous,,,See Details.,PHB,267,Targets HEAL 2d8 + casting ability modifier HP. No effect on undead/constructs.,HEAL extra 1d8.,,Cleric,,,,,,
Prestidigitation,0,Transmutation,,1 action,10 ft.,,V,S,,,,,1 hour,,,,PHB,267,Create minor magical effect.  See Sourcebook.,,Bard,,,,,Sorceror,Warlock,Wizard
Prismatic Spray,7,Evocation,,1 action,Self,60 ft. cone,V,S,,,,,Instantaneous,See Sourcebook.,See Sourcebook.,See Sourcebook.,PHB,267,Send a rainbow of negative effects at enemies.  See Sourcebook.,,,,,,,Sorceror,,Wizard
Prismatic Wall,9,Abjuration,,1 action,60 ft.,90x30 ft wall or 30ft dia. sphere,V,S,,,,,Instantaneous,See Sourcebook.,See Sourcebook.,See Sourcebook.,PHB,267,Create multicolored barrier with various effects.  See Sourcebook.,,,,,,,,,Wizard
Produce Flame,0,Conjuration,,1 action,Self,,V,S,,,,,10 minutes,Ranged Spell Attack,Fire,DAM: 1d8,PHB,269,"Create flame. DAM increase. 5th level: 2d8, 11th level: 3d8, 17th level: 4d8.",,,Cleric(Nature),Druid,,,,,
Programmed Illusion,6,Illusion,,1 action,120 ft.,30 ft. cube,V,S,M,"fleece, jade dust",25 gp,,Until Dispelled,,,,PHB,269,Create illusion that performs specific action triggered by specific action.,,Bard,,,,,,,Wizard
Project Image,7,Illusion,,1 action,500 miles,,V,S,M,small replica of self,5 gp,Concentration,1 day,,,,PHB,270,Create image of self you can see/hear/speak/move (x2 speed) through. ,,Bard,,,,,,,Wizard
Protection from Energy,3,Abjuration,,1 action,Touch,1 creature,V,S,,,,Concentration,1 hour,,,,PHB,270,"Creature gains resistance to one of: acid, cold, fire, lightning, or thunder.",,,Cleric,Druid,"Paladin(Ancients,Vengeance)",Ranger,Sorceror,,Wizard
Protection from Evil and Good,1,Abjuration,,1 action,Touch,1 willing creature,V,S,M,holy water or powdered silver,,Concentration,10 minutes,,,,PHB,270,Protect against certain types of creatures.  See Sourcebook.,,,Cleric,,Paladin,,,Warlock,Wizard
Protection from Poison,2,Abjuration,,1 action,Touch,1 willing creature,V,S,,,,,1 hour,,,,PHB,270,"Target has 1 poison neutralized, advantage on poison save, resists poison DAM.",,,Cleric,Druid,Paladin,Ranger,,,
Purify Food and Drink,1,Transmutation,Ritual,1 action,10 ft.,5 ft. radius,V,S,,,,,Instantaneous,,,,PHB,270,All nonmagical food and drink in range is rendered free of poison and disease.,,,Cleric,Druid,Paladin,,,,
Raise Dead,5,Necromancy,,1 hour,Touch,1 dead creature,V,S,M,DIAMOND,500 gp,,Instantaneous,,,,PHB,270,Return target to life with 1 HP.  See Sourcebook.,,Bard,Cleric,,Paladin,,,,
Rary's Telepathic Bond,5,Divination,Ritual,1 action,30 ft.,<= 8 willing creatures,V,S,M,eggshell of 2 different creatures,,,1 hour,,,,PHB,270,"Targets can communicate telepathically with each other, but not to other planes.",,,,,,,,,Wizard
Ray of Enfeeblement,2,Necromancy,,1 action,60 ft.,1 creature in range,V,S,,,,Concentration,1 minute,Ranged Spell Attack,,,PHB,271,Target deals 1/2 DMG with STR weapon attacks. CON save to end at turn's end.,,,Cleric(Death),,,,,Warlock,Wizard
Ray of Frost,0,Evocation,,1 action,60 ft.,1 creature in range,V,S,,,,,Instantaneous,Ranged Spell Attack,Cold,DAM: 1d8,PHB,271,"Speed -10ft. DAM increase. 5th level: 2d8, 11th level: 3d8, 17th level: 4d8.",,,,,,,Sorceror,,Wizard
Ray of Sickness,1,Necromancy,,1 action,60 ft.,1 creature in range,V,S,,,,,Instantaneous,Ranged Spell Attack,Poison,DAM: 2k8,PHB,271,"Target also makes CON save. On fail, poisoned until end of next turn.",Extra 1d8 DAM.,,Cleric(Death),,,,Sorceror,,Wizard
Regenerate,7,Transmutation,,1 minute,Touch,1 creature,V,S,M,prayer wheel and holy water,,,1 hour,,,HEAL: 4d8+15,PHB,271,Target HEAL 1 HP at start of every turn. Severed parts return after 2 minutes.,,Bard,Cleric,Druid,,,,,
Reincarnate,5,Transmutation,,1 hour,Touch,1 dead humanoid,V,S,M,RARE OILS AND UNGUENTS,1000 gp,,Instantaneous,,,,PHB,271,Resurrect dead humanoid into a random humanoid body.  See Sourcebook.,,,,Druid,,,,,
Remove Curse,3,Abjuration,,1 action,Touch,1 creature or object,V,S,,,,,Instantaneous,,,,PHB,271,Remove curse creature or break object's curse attunement to any target.,,,Cleric,,Paladin,,,Warlock,Wizard
Resistance,0,Abjuration,,1 action,Touch,1 willing creature,V,S,M,miniature cloak,,Concentration,1 minute,,,,PHB,272,"Once before spell ends, add 1d4 to a saving throw. Roll before or after save.",,,Cleric,Druid,,,,,
Resurrection,7,Necromancy,,1 hour,Touch,1 dead creature,V,S,M,DIAMOND,1000 gp,,Instantaneous,,,,PHB,272,Resurrect dead creaature. See Sourcebook.,,Bard,Cleric,,,,,,
Reverse Gravity,7,Transmutation,,1 action,100 ft.,50 ft. radius,V,S,M,lodestone and iron filings,,Concentration,1 minute,DEX (grab fixed object),,,PHB,272,"Creatures fall upwards, taking falling damage. Fall again once spell ends.",,,,Druid,,,Sorceror,,Wizard
Revivify,3,Conjuration,,1 action,Touch,1 creature,V,S,M,DIAMOND,300 gp,,Instantaneous,,,,PHB,272,Raise creature that died within 1 minute to 1 HP. Doesn't restore missing parts.,,,Cleric,,Paladin,,,,
Rope Trick,2,Transmutation,,1 action,Touch,60 ft. rope,V,S,M,"powdered corn, parchment loop",,,1 hour,,,,PHB,272,Climb rope to other space that can hide 8 Medium creatures. Can see outside.,,,,,,,,,Wizard
Sacred Flame,0,Evocation,,1 action,60 ft.,1 creature,V,S,,,,,Instantaneous,DEX (Fail),Fire,DAM: 1d8,PHB,272,"No cover. DAM increase. 5th level: 2d8, 11th level: 3d8, 17th level: 4d8.",,,Cleric,,,,,,
Sanctuary,1,Abjuration,,1 bonus action,30 ft.,1 creature,V,S,M,small silver mirror,,,1 minute,,,,PHB,272,Those choosing to attack target must make WIS save or choose new target.,,,Cleric,,Paladin(Devotion),,,,
Scorching Ray,2,Evocation,,1 action,120 ft.,<= 3 creatures,V,S,,,,,Instantaneous,Ranged Spell Attack,Fire,DAM: 2d6x3,PHB,273,Shoot 3 rays at up to 3 targets.,One additional ray.,,Cleric(Light),,,,Sorceror,,Wizard
Scrying,5,Divination,,10 minutes,Self,1 creature,V,S,M,scrying focus,1000 gp,Concentration,10 minutes,WIS (Fail),,,PHB,273,Spy on a target located on the same plane as you.  See Sourcebook.,,Bard,Cleric,Druid,Paladin(Vengeance),,,Warlock,Wizard
Searing Smite,1,Evocation,,1 bonus action,Self,1 creature,V,,,,,Concentration,1 minute,Melee Weapon Attack,Fire,DAM: 1d6,PHB,274,Target takes initial DAM and CON save at start of each turn or take 1d6 fire.,Extra 1d6 initial DAM.,,,,Paladin,,,,
See Invisibility,2,Divination,,1 action,Self,Self,V,S,M,pinch of talc and silver powder,,,1 hour,,,,PHB,274,See invisible and ethereal creatures.,,Bard,,,,,Sorceror,,Wizard
Seeming,5,Illusion,,1 action,30 ft.,Any creatures in range,V,S,,,,,8 hours,CHA (Fail),,,PHB,274,"Disguise willing or unwillig creatures as other similar creatures, including outfits.",,Bard,,,,,Sorceror,,Wizard
Sending,3,Evocation,,1 action,Unlimited,1 creature,V,S,M,short piece of fine copper wire,,,1 round,,,,PHB,274,Send <= 25 word message to known creature. Get similar reply.,,Bard,Cleric,,,,,,Wizard
Sequester,7,Transmutation,,1 action,Touch,1 willing creature or object,V,S,M,GEM POWDER,5000 gp,,Until Dispelled,,,,PHB,274,"Hide target from detection, falls into suspended animation. Condition can end it.",,,,,,,,,Wizard
Shapechange,9,Transmutation,,1 action,Self,Self,V,S,M,jade circlet,1500 gp,Concentration,1 hour,,,,PHB,274,Assume the form of a different creature.  See Sourcebook.,,,,Druid,,,,,Wizard
Shatter,2,Evocation,,1 action,60 ft.,10 ft. sphere,V,S,M,chip of mica,,,Instantaneous,CON (Half DAM),Thunder,DAM: 3d8,PHB,275,Inorganic creatures have disadvantage to save. Objects take DAM too.,Extra 1d8 DAM.,Bard,Cleric(Tempest),,,,Sorceror,Warlock,Wizard
Shield,1,Abjuration,,1 reaction (on hit by attack/magic missile),Self,Self,V,S,,,,,1 round,,,,PHB,275,"Gain +5 bonus to AC, including triggering attack. Negates Magic Missile attacks.",,,,,,,Sorceror,,Wizard
Shield of Faith,1,Abjuration,,1 bonus action,60 ft.,1 creature,V,S,M,small parchment with holy text,,Concentration,10 minutes,,,,PHB,275,Target gains +2 bonus to AC.,,,Cleric,,Paladin,,,,
Shillelagh,0,Transmutation,,1 bonus action,Touch,1 club or quarterstaff,V,S,M,"mistletoe, shamrock, weapon",,,1 minute,,,,PHB,275,"Use casting ability instead of STR for attack,damage. Weapon does 1d8 DMG.",,,Cleric(Nature),Druid,,,,,
Shocking Grasp,0,Evocation,,1 action,Touch,1 creature,V,S,,,,,Instantaneous,Melee Spell Attack,Lightning,DAM: 1d8,PHB,275,Target can't take reactions until next turn. Advantage if target has metal armor.,,,,,,,Sorceror,,Wizard
Silence,2,Illusion,Ritual,1 action,120 ft.,20 ft. radius sphere,V,S,,,,Concentration,10 minutes,,,,PHB,275,"Creatures in area are deafened, immune to thunder DMG, can't cast verbally.",,Bard,Cleric,Druid(Desert),,Ranger,,,
Silent Image,1,Illusion,,1 action,60 ft.,15 ft. cube,V,S,M,bit of fleece,,Concentration,10 minutes,,,,PHB,276,Create visual-only illusion. Use action to make it move. Investigation to discover.,,Bard,,,,,Sorceror,,Wizard
Simulacrum,7,Illusion,,12 hours,Touch,,V,S,M,See Sourcebook.,1500 gp,,Until Dispelled,,,,PHB,276,Create duplicate of beast or humanoid that obeys your commands.,,,,,,,,,Wizard
Sleep,1,Enchantment,,1 action,90 ft.,20 ft. radius,V,S,M,pinch of fine sand,,,1 minute,,,,PHB,276,5d8 total HP of creatures in area fall asleep. Go in order of lowest HP to hightest.,Addition 2d8 HP fall asleep.,Bard,,,,,Sorceror,,Wizard
Sleet Storm,3,Conjuration,,1 action,150 ft.,40 ft. rad. 20 ft. tall cylinder,V,S,M,"pinch of dust, drops of water",,Concentration,1 minute,DEX (Fail),,,PHB,276,"Difficult terrain.Each turn,DEX save or fall prone,CON save or lose concentration.",,,Cleric(Tempest),Druid,,,Sorceror,,Wizard
Slow,3,Transmutation,,1 action,120 ft.,<= 6 creatures in 40 ft. cube,V,S,M,drop of molasses,,Concentration,1 minute,WIS (Fail),,,PHB,277,Affected creatures become slowed.  See Sourcebook.,,,,Druid(Arctic),,,Sorceror,,Wizard
Spare the Dying,0,Necromancy,,1 action,Touch,1 living creature at 0 HP,V,S,,,,,Instantaneous,,,,PHB,277,Stabilize dying creature.  No effect on undead or constructs.,,,Cleric,,,,,,
Speak with Animals,1,Divination,Ritual,1 action,Self,Self,V,S,,,,,10 minutes,,,,PHB,277,Understand and speak to beasts. Get info about nearby locations and monsters.,,Bard,Cleric(Nature),Druid,Paladin(Ancients),Ranger,,,
Speak with Dead,3,Necromancy,,1 action,10 ft.,1 dead creature,V,S,M,burning incense,,,10 minutes,,,,PHB,277,"Ask corpse <= 5 questions. Get brief, cryptic answers. Can be lies.",,Bard,Cleric,,,,,,
Speak with Plants,3,Transmutation,,1 action,Self,30 ft. radius,V,S,,,,,10 minutes,,,,PHB,277,Animate plants to communicate with and perform tasks.  See Sourcebook.,,Bard,,Druid,,Ranger,,,
Spider Climb,2,Transmutation,,1 action,Touch,1 willing creature,V,S,M,spider and drop of bitumen,,Concentration,1 hour,,,,PHB,277,Target can walk on walls or ceiling. Climbing speed becomes walking speed.,,,,"Druid(Forest,Mountain,Underdark)",,,Sorceror,Warlock,Wizard
Spike Growth,2,Transmutation,,1 action,150 ft.,20 ft. radius,V,S,M,7 sharp thorns or twigs,,Concentration,10 minutes,,,,PHB,277,Difficult terrain.  Moving into or within area takes 2d4 piercing DAM per 5 ft.,,,Cleric(Nature),Druid,,Ranger,,,
Spirit Guardian,3,Conjuration,,1 action,Self,15 ft. radius,V,S,M,holy symbol,,Concentration,10 minutes,WIS (Half DAM),Radiant or Necrotic,DAM: 3d8,PHB,278,"Enemy creature speed halved. DMG on enter area: necrotic if evil, radiant if not.",Extra 1d8 DAM.,,Cleric,,,,,,
Spiritual Weapon,2,Evocation,,1 bonus action,60 ft.,,V,S,,,,,1 minute,Melee Spell Attack,Force,See Details,PHB,278,Magical weapon does 1d8 + casting ability DMG. Can move 20 ft. per turn.,Extra 1d8 DAM.,,Cleric,,,,,,
Staggering Smite,4,Evocation,,1 bonus action,Self,Self,V,,,,,Concentration,1 minute,Melee Weapon Attack,Psychic,DAM: 4d6,PHB,278,WIS save or disadvantage on attack & ability checks; can't take reactions.,,,,,Paladin,,,,
Stinking Cloud,3,Conjuration,,1 action,90 ft.,20 ft. radius sphere,V,S,M,rotten egg or skunk cabbage,,Concentration,1 minute,CON (Fail),,,PHB,278,Creatures that need to breathe spend turn retching. Wind disperses cloud.,,Bard,,"Druid(Swamp,Underdark)",,,Sorceror,,Wizard
Stone Shape,4,Transmutation,,1 action,Touch,5 ft. cube,V,S,M,soft clay in desired shape,,,Instantaneous,,,,PHB,278,Reshape stone into any rough shape you wish.,,,Cleric,Druid,,,,,Wizard
Stoneskin,4,Abjuration,,1 action,Touch,1 willing creature,V,S,M,DIAMOND DUST,100 gp,Concentration,1 hour,,,,PHB,278,"Target gains resistance to nonmagical bludgeoning, piercing, and slashing DMG.",,,Cleric(War),Druid,Paladin(Ancients),Ranger,Sorceror,,Wizard
Storm of Vengeance,9,Conjuration,,1 action,Sight,360 ft. radius,V,S,,,,Concentration,1 minute,See Sourcebook.,See Sourcebook.,See Sourcebook.,PHB,279,Magical storm attacks targets in range.  See Sourcebook.,,,,Druid,,,,,
Suggestion,2,Enchantment,,1 action,30 ft.,1 creature,V,,M,"snake's tongue, honeycomb ",,Concentration,8 hours,WIS (Fail),,,PHB,279,Target follows reasonable course of action you suggest. Can specify conditions.,,Bard,Cleric(Knowledge),,,,Sorceror,Warlock,Wizard
Sunbeam,6,Evocation,,1 action,Self,60 ft. line,V,S,M,magnifying glass,,Concentration,1 minute,"CON (Half DAM, no blindness)",Radiant,DAM: 6d8,PHB,279,Creatures are blinded until your next turn. Use your action to make a new line.,,,,Druid,,,Sorceror,,Wizard
Sunburst,8,Evocation,,1 action,150 ft.,60 ft. radius sphere,V,S,M,fire and piece of sunstone,,,Instantaneous,"CON (Half DAM, no blindness)",Radiant,DAM: 12d6,PHB,279,Creatures are blinded for 1 minute (CON save at end of turn to end).,,,,Druid,,,Sorceror,,Wizard
Swift Quiver,5,Transmutation,,1 bonus action,Touch,Spell component,V,S,M,quiver with at least 1 ammo,,Concentration,1 minute,,,,PHB,279,Quiver produces endless ammo.Use bonus action for 2 attacks using ammo.,,,,,,Ranger,,,
Symbol,7,Abjuration,,1 minute,Touch,1 surface or object,V,S,M,"Hg, P, DIAMOND and OPAL",1000 gp,,Dispel/Triggered,See Sourcebook.,See Sourcebook.,See Sourcebook.,PHB,280,Inscribe harmful magical glyph on surface.  See Sourcebook.,,Bard,Cleric,,,,,,Wizard
Tasha's Hideous Laughter,1,Enchantment,,1 action,30 ft.,1 creature,V,S,M,tiny tarts and a feather,,Concentration,1 minute,WIS (Fail),,,PHB,280,"Target (INT > 4) is prone, incapacitated, can't stand. WIS save each turn to end.",,Bard,,,,,,,Wizard
Telekinesis,5,Transmutation,,1 action,60 ft.,Creatures or objects in range,V,S,,,,Concentration,10 minutes,,,,PHB,280,Move objects or creatures with your mind.  See Sourcebook.,,,,,,,Sorceror,,Wizard
Telepathy,8,Evocation,,1 action,Unlimited,1 willing creature,V,S,M,pair of linked silver rings,,,24 hours,,,,PHB,281,"Telepathically communicate words, sounds, images with target (INT >= 1).",,,,,,,,,Wizard
Teleport,7,Conjuration,,1 action,10 ft.,Self and <= 8 creatures,V,,,,,,Instantaneous,,,,PHB,281,Teleport yourself and willing creatures to a distant location.  See Sourcebook.,,Bard,,,,,Sorceror,,Wizard
Teleportation Circle,5,Conjuration,,1 minute,10 ft.,10 ft. diameter circle,V,,M,CHALK & INK mixed with gems,50 gp,,1 round,,,,PHB,282,Any stepping inside circle teleport to permanent teleportation circle.,,Bard,,,,,Sorceror,,Wizard
Tenser's Floating Disk,1,Conjuration,Ritual,1 action,30 ft.,3 ft. diameter circle,V,S,M,drop of mercury,,,1 hour,,,,PHB,282,Create floating disk that holds 500 lbs and stays within 20 ft. of you.,,,,,,,,,Wizard
Thaumaturgy,0,Transmutation,,1 action,30 ft.,,V,,,,,,Up to 1 minute,,,,PHB,282,Create minor magical effect.  See Sourcebook.,,,Cleric,,,,,,
Thorn Whip,0,Transmutation,,1 action,30 ft.,,V,S,M,stem of thorny plant,,,Instantaneous,Melee Spell Attack,Piercing,DAM: 1d6,PHB,282,"Pulled 10 ft to root. DAM increase. 5th level: 2d6, 11th level: 3d6, 17th level: 4d6.",,,Cleric(Nature),Druid,,,,,
Thunderous Smite,1,Evocation,,1 bonus action,Self,1 creature,V,,,,,Concentration,1 minute,Melee Weapon Attack,Thunder,DAM: 2d6,PHB,282,Attack target takes extra thunder DAM and STR save or pushed 10 ft. and prone.,,,,,Paladin,,,,
Thunderwave,1,Evocation,,1 action,Self,15 ft. cube,V,S,,,,,Instantaneous,"CON (Half DAM, no push)",Thunder,DAM: 2d8,PHB,282,Creatures failing save and objects pushed 10 ft. Boom heard for 300 ft.,Extra 1d8 DAM.,Bard,Cleric(Tempest),Druid,,,Sorceror,,Wizard
Time Stop,9,Transmutation,,1 action,Self,,V,,,,,,Instantaneous,,,,PHB,283,Stop time. Take 1d4+1 turns alone. Spell ends if you affect others in any way.,,,,,,,Sorceror,,Wizard
Tongues,3,Divination,,1 action,Touch,1 creature,V,,M,clay model of a ziggurat,,,1 hour,,,,PHB,283,Target understands any spoken language and is understood by everyone else.,,Bard,Cleric,,,,Sorceror,Warlock,Wizard
Transport via Plants,6,Conjuration,,1 action,10 ft.,"2 >= Large plants, 1 in range",V,S,,,,,1 round,,,,PHB,283,Enter one plant and emerge from another on same plane you've encountered.,,,,Druid,,,,,
Tree Stride,5,Conjuration,,1 action,Self,Self,V,S,,,,Concentration,1 minute,,,,PHB,283,Enter one tree and emerge from another 500 ft. away. Use once per round.,,,Cleric(Nature),Druid,Paladin(Ancients),Ranger,,,
True Polymorph,9,Transmutation,,1 action,30 ft.,1 creature or nonmagical object,V,S,M,"mercury, gum arabic, smoke",,Concentration,1 hour,,,,PHB,283,Transform a creature/object into a different creature/object.  See Sourcebook.,,Bard,,,,,,Warlock,Wizard
True Resurrection,9,Necromancy,,1 hour,Touch,1 creature dead <= 200 years,V,S,M,"holy water, DIAMONDS",25000 gp,,Instantaneous,,,,PHB,284,"Resurrect creature that didn't die of old age. Heals all wounds, effects, etc.",,,Cleric,Druid,,,,,
True Seeing,6,Divination,,1 action,Touch,1 willing creature,V,S,M,OINTMENT FOR EYES,25 gp,,1 hour,,,,PHB,284,"Target creature gains truesight, sees secret doors, Ethereal Plane. Range 120 ft.",,Bard,Cleric,,,,Sorceror,Warlock,Wizard
True Strike,0,Divination,,1 action,30 ft.,1 creature,,S,,,,Concentration,1 round,,,,PHB,284,Next turn you gain advantage on first attack against the target.,,Bard,,,,,Sorceror,Warlock,Wizard
Tsunami,8,Conjuration,,1 minute,Sight,300 ft x 300 ft x 50 ft water,V,S,,,,Concentration,6 rounds,STR (Half DAM),Bludgeoning,DAM: 6d10,PHB,284,Creatures make STR save to avoid more damage (1d10 less DMG each round).,,,,Druid,,,,,
Unseen Servant,1,Conjuration,Ritual,1 action,60 ft.,,V,S,M,"piece of string, bit of wood",,,1 hour,,,,PHB,284,"Create invisible force that can perform simple, menial tasks for you.",,Bard,,,,,,Warlock,Wizard
Vampiric Touch,3,Necromancy,,1 action,Self,Self,V,S,,,,Concentration,1 minute,Melee Spell Attack,Necrotic,DAM: 3d6,PHB,285,"Each time you hit a target, you also HEAL half of the DAM you cause.",Extra 1d6 DAM.,,Cleric(Death),,,,,Warlock,Wizard
Vicious Mockery,0,Enchantment,,1 action,60 ft.,1 creature,V,,,,,,Instantaneous,WIS (Fail),Psychic,DAM: 1d4,PHB,285,"Disadvantage to attack.DAM increase.5th level:2d4,11th level:3d4,17th level:4d4",,Bard,,,,,,,
Wall of Fire,4,Evocation,,1 action,120 ft.,See Sourcebook.,V,S,M,small piece of phosphorous,,Concentration,1 minute,DEX (Half DAM),Fire,DAM: 5d8,PHB,285,Those entering or ending turn on one side of the wall take 5d8 fire DAM. ,Extra 1d8 DAM.,,Cleric(Light),Druid,,,Sorceror,,Wizard
Wall of Force,5,Evocation,,1 action,120 ft.,See Sourcebook.,V,S,M,powder from clear gemstone,,Concentration,10 minutes,,,,PHB,285,Create impenetrable wall (even into Ethereal Plane) only unmade by Disintegrate.,,,,,,,,,Wizard
Wall of Ice,6,Evocation,,1 action,120 ft.,See Sourcebook.,V,S,M,small piece of quartz,,Concentration,10 minutes,DEX (Half DAM),Cold,DAM: 10d6,PHB,285,"Ice:AC 12, 30 HP. Moving through ice:take 5d6 cold DAM or CON save for half.","Extra DAM:2d6,1d6 moving",,,,,,,,Wizard
Wall of Stone,5,Evocation,,1 action,120 ft.,See Sourcebook.,V,S,M,small block of granite,,Concentration,10 minutes,"DEX (Move away, not trapped)",,,PHB,287,Create wall of stone or other stone structure.  See Sourcebook.,,,,Druid,,,Sorceror,,Wizard
Wall of Thorns,6,Conjuration,,1 action,120 ft.,See Sourcebook.,V,S,M,handful of thorns,,Concentration,10 minutes,DEX (Half DAM),Piercing,DAM: 7d8,PHB,287,Move through wall at 1/4 speed and take 7d8 slashing DAM (DEX save for half).,Extra 1d8 DAM (both types).,,,Druid,,,,,
Warding Bond,2,Abjuration,,1 action,Touch,1 willing creature,V,S,M,pair of platinum rings,50 gp,,1 hour,,,,PHB,287,"Target (60ft) has +1 AC and saves, resistance to all DAM, shares DAM with you.",,,Cleric,,,,,,
Water Breathing,3,Transmutation,Ritual,1 action,30 ft.,<= 10 willing creatures,V,S,M,short reed or piece of straw,,,24 hours,,,,PHB,287,Creatures gain ability to breathe underwater using normal respiration.,,,,Druid,,Ranger,Sorceror,,Wizard
Water Walk,3,Transmutation,Ritual,1 action,30 ft.,<= 10 willing creatures,V,S,M,piece of cork,,,1 hour,,,,PHB,287,"Creaturess walk on liquid, rise 60 ft. per round if under. Still take other damage.",,,Cleric,Druid,,Ranger,Sorceror,,
Web,2,Conjuration,,1 action,60 ft.,20 ft. cube,V,S,M,bit of spiderweb,,Concentration,1 hour,DEX (Fail),,,PHB,287,Every turn:DEX save or restrain;STR save to escape.Burning webs:2d4 fire DAM.,,,,Druid(Underdark),,,Sorceror,,Wizard
Weird,9,Illusion,,1 action,120 ft.,30 ft. radius,V,S,,,,Concentration,1 minute,WIS (Fail),Psychic,DAM: 4d10,PHB,288,Affected creatures make WIS saves each turn and take DAM until they save.,,,,,,,,,Wizard
Wind Walk,6,Transmutation,,1 minute,30 ft.,You and <= 10 willing creatures,V,S,M,fire and holy water,,,8 hours,,,,PHB,288,Fly speed: 300 ft. Resist weapons.Only Dash in cloud form. Can revert to normal.,,,,Druid,,,,,
Wind Wall,3,Evocation,,1 action,120 ft.,See Sourcebook.,V,S,M,tiny fan and exotic feather,,Concentration,1 minute,STR (Half DAM),Bludgeoning,DAM: 3d8,PHB,288,"Strong wind keeps gases, flying creatures, projectiles, gaseous creatures away.",,,Cleric(Nature),Druid,,Ranger,,,
Wish,9,Conjuration,,1 action,Self,Self,V,,,,,,Instantaneous,,,,PHB,288,Replicate and spell <= 8th level or other powerful effect granted. See Sourcebook.,,,,,,,Sorceror,,Wizard
Witch Bolt,1,Evocation,,1 action,30 ft.,1 creature,V,S,M,twig from tree struck by lightning,,Concentration,1 minute,Ranged Spell Attack,Lightning,DAM: 1d12,PHB,289,Use action to auto hit target hit last round for 1d12 lightning DAM if in range.,Extra 1d12 DAM.,,,,,,Sorceror,Warlock,Wizard
Word of Recall,6,Conjuration,,1 action,5 ft.,You and <= 5 willing creatures,V,,,,,,Instantaneous,,,,PHB,289,Instantly teleport to sanctuary you select during prep associated with your deity.,,,Cleric,,,,,,
Wrathful Smite,1,Evocation,,1 bonus action,Self,1 creature,V,,,,,Concentration,1 minute,Melee Weapon Attack,Psychic,DAM: 1d6,PHB,289,Target hit also makes WIS save or is frightened. WIS save to end effect.,,,,,Paladin,,,,
Zone of Truth,2,Enchantment,,1 action,60 ft.,15 ft. radius sphere,V,S,,,,,10 minutes,CHA (Fail),,,PHB,289,You know which fail saves. They can't lie but know of spell and can be evasive.,,Bard,Cleric,,Paladin,,,,
